coaster_name,Length,Speed,Status,Manufacturer,Model,Height,Lift/launch system,G-force,Designer,Track layout,Type_Main,opening_date_clean,speed_mph,height_ft,Inversions_clean
Racer (1910 roller coaster),"4,500 ft (1,400 m)",40 mph (64 km/h),Operating,Charlie Mach,Racing,72.5 ft (22.1 m),lift,,John A. Miller,Möbius Loop,Wood,1927-01-01,40.0,,0
The Great Scenic Railway,"967 m (3,173 ft)",60 km/h (37 mph),Operating,LaMarcus Thompson,,16 m (52 ft),lift,,,,Wood,1912-12-01,37.3,52.5,0
Jack Rabbit (Kennywood),"2,132 ft (650 m)",45 mph (72 km/h),Operating,Harry C. Baker,,40 ft (12 m),lift,,John A. Miller,"Terrain, Out and Back roller coaster",Wood,1920-01-01,45.0,,0
Scenic Railway (roller coaster),"3,000 ft (910 m)",35 mph (56 km/h),Operating,,Scenic Railway,40 ft (12 m),lift,,,,Wood,1920-07-03,35.0,,0
Roller Coaster (Lagoon),"762 m (2,500 ft)",45 mph (72 km/h),Operating,,,18.9 m (62 ft),lift,,John A. Miller,Double Out and Back,Wood,1921-07-15,45.0,62.0,0
Giant Dipper,"2,640 ft (800 m)",55 mph (89 km/h),Operating,Arthur Looff,,70 ft (21 m),lift,,"Frank Prior, Frederick Church",Double Out and Back,Wood,1924-05-17,55.0,,0
Pippin (roller coaster),"3,250 ft (990 m)",55 mph (89 km/h),Operating,,,70 ft (21 m),lift,,Andy Vettel (1968)John A. Miller (1924),Terrain,Wood,1968-01-01,55.0,,0
Thunderhawk (Dorney Park),"2,767 ft (843 m)",45 mph (72 km/h),Operating,Philadelphia Toboggan Coasters,,80 ft (24 m),lift,,Herbert Paul Schmeck,Out and Back / Twister,Wood,1924-03-30,45.0,,0
Giant Dipper (Belmont Park),"2,600 ft (790 m)",48 mph (77 km/h),Operating,"Frank Prior, Fredrick Church",Twister,70 ft (21 m),lift,,"Frank Prior, Fredrick Church","8 layers laminated wood strips with 1/4""x3"" wide steel rail",Wood,1925-07-04,48.0,,0
Coney Island Cyclone,"2,640 ft (800 m)",60 mph (97 km/h),Operating,,,85 ft (26 m),lift,3.75,Vernon Keenan,Compact Twister,Other,1927-06-26,60.0,,0
Racer (Kennywood),"4,500 ft (1,400 m)",40 mph (64 km/h),Operating,Charlie Mach,Racing,72.5 ft (22.1 m),lift,,John A. Miller,Möbius Loop,Wood,1927-01-01,40.0,,0
Wildcat (Lake Compounce),"2,746 ft (837 m)",48 mph (77 km/h),Operating,Philadelphia Toboggan Coasters,,85 ft (26 m),lift,,Herbert Paul Schmeck and Dinn Corporation,,Wood,1927-01-01,48.0,,0
Montaña Suiza,"1,312.3 ft (400.0 m)",31 mph (50 km/h),Operating,,,32 ft (9.8 m),lift,,Erich Heidrich,Terrain,Other,1928-01-01,31.0,,0
Dragon Coaster (Playland),"1,036 m (3,399 ft)",,Operating,,,24 m (79 ft),lift,,Frederick Church,Out & back,Wood,1929-01-01,,78.7,0
Yankee Cannonball,"609.6 m (2,000 ft)",56.3 km/h (35.0 mph),Operating,Philadelphia Toboggan Coasters,,19.8 m (65 ft),lift,,Herbert Paul Schmeck,,Wood,1930-01-01,35.0,65.0,0
Roller Coaster (Great Yarmouth Pleasure Beach),"3,223.10 ft (982.40 m)",45 mph (72 km/h),Operating,,,70 ft (21 m),lift,,Erich Heidrich,Triple out and back,Wood,1932-05-01,45.0,,0
Rollo Coaster,900 ft (270 m),25 mph (40 km/h),Operating,Philadelphia Toboggan Coasters,,27 ft (8.2 m),lift,,Herbert Paul Schmeck,Out and Back,Wood,1938-01-01,25.0,,0
Cyclone (Lakeside Amusement Park),"2,800 ft (850 m)",55 mph (89 km/h),Operating,,,80 ft (24 m),lift,,Edward A. Vettel,Terrain,Wood,1940-05-17,55.0,,0
Comet (Hersheypark),"3,360 ft (1,020 m)",50 mph (80 km/h),Operating,Philadelphia Toboggan Coasters,,84 ft (26 m),lift,,Herbert Paul Schmeck,Modified Double Out and Back,Wood,1946-01-01,50.0,,0
Little Dipper (Conneaut Lake Park),,,Operating,Allan Herschell Company,Little Dipper,,lift,,,Oval,Steel,1950-01-01,,,0
Vuoristorata,"960 m (3,150 ft)",60 km/h (37 mph),Operating,"Linnanmäki, led by Svend Jarlström",,24 m (79 ft),lift,,Valdemar Lebech[3],,Wood,1951-07-13,37.3,78.7,0
Little Dipper (Memphis Kiddie Park),,,Operating,Allan Herschell Company,Little Dipper,,lift,,The Allan Herschell Company,,Steel,1952-04-01,,,0
Sea Dragon (roller coaster),"1,320 ft (400 m)",25 mph (40 km/h),Operating,Philadelphia Toboggan Coasters,,37 ft (11 m),lift,,John C. Allen,Figure Eight,Wood,1956-01-01,25.0,,0
Matterhorn Bobsleds,"2,037 ft (620.9 m)",27 mph (43.5 km/h),Operating,Arrow Development,Special Coaster Systems,80 ft (24.4 m),lift,,WED Enterprises,Dual-tracked,Steel,1959-06-14,27.0,,0
Blue Streak (Cedar Point),"2,558 ft (780 m)",40 mph (64 km/h),Operating,Philadelphia Toboggan Coasters,,78 ft (24 m),lift,,Frank F. HooverJohn C. Allen,Out and Back,Wood,1964-05-23,40.0,,0
Swamp Fox (roller coaster),"2,400 ft (730 m)",50 mph (80 km/h),Operating,Philadelphia Toboggan Coasters,,75 ft (23 m),lift,,John Allen,Double Out and Back,Wood,1966-01-01,50.0,,0
Cannon Ball (roller coaster),"2,272 ft (693 m)",50 mph (80 km/h),Operating,Philadelphia Toboggan Coasters,,70 ft (21 m),lift,,John C. Allen,Out and back,Wood,1967-01-01,50.0,,0
Dahlonega Mine Train,"2,327 ft (709 m)",29 mph (47 km/h),Operating,Arrow Dynamics,Mine Train,37 ft (11 m),lift,,,Terrain,Steel,1967-06-16,29.0,,0
Thunderbolt (Kennywood),"3,250 ft (990 m)",55 mph (89 km/h),Operating,,,70 ft (21 m),lift,,Andy Vettel (1968)John A. Miller (1924),Terrain,Wood,1968-01-01,55.0,,0
Cedar Creek Mine Ride,"2,540 ft (770 m)",42 mph (68 km/h),Operating,Arrow Development,Mine Train,48 ft (15 m),lift,,Ron Toomer,,Steel,1969-05-24,42.0,,0
Gold Rusher,"2,590 ft (790 m)",35 mph (56 km/h),Operating,Arrow Development,Mine Train,70 ft (21 m),lift,3.4,Ron Toomer,Terrain,Steel,1971-05-29,35.0,,0
Scooby-Doo (Kings Island),"1,350 ft (410 m)",35 mph (56 km/h),Operating,Philadelphia Toboggan Coasters,,38.6 ft (11.8 m),lift,,John C. Allen,Figure Eight,Wood,1972-01-01,35.0,,0
Carolina Goldrusher,"2,397 ft (731 m)",30 mph (48 km/h),Operating,Arrow Dynamics,Mine Train,43 ft (13 m),lift,2.4,Ron Toomer,,Steel,1973-03-31,30.0,,0
Great American Scream Machine (Six Flags Over Georgia),"3,800 ft (1,200 m)",57 mph (92 km/h),Operating,Philadelphia Toboggan Coasters,,105 ft (32 m),lift,3.7,"Don Rosser, John C. Allen, William Cobb",Out-and-back,Wood,1973-03-31,57.0,,0
Trailblazer (roller coaster),"1,600 ft (490 m)",35 mph (56 km/h),Operating,Arrow Development,Mine train,43 ft (13 m),lift,,,,Steel,1974-05-14,35.0,,0
Scooby-Doo (Carowinds),"1,356 ft (413 m)",36 mph (58 km/h),Operating,Philadelphia Toboggan Coasters,144a,40 ft (12 m),lift,,John C. Allen,,Wood,1975-01-01,36.0,,0
High Roller (Valleyfair),"2,982 ft (909 m)",50 mph (80 km/h),Operating,Rauenhorst Corporation,wood out-and-back,70 ft (21 m),lift,3.2,National Amusement Devices,Out and Back,Wood,1976-01-01,50.0,,0
The New Revolution (roller coaster),"3,457 ft (1,054 m)",55 mph (89 km/h),Operating,Anton Schwarzkopf,Looping roller coaster,113 ft (34 m),lift,4.9,Werner Stengel,Terrain,Steel,1976-05-08,55.0,,1
SooperDooperLooper,"2,614 ft (797 m)",45 mph (72 km/h),Operating,Anton Schwarzkopf,Looping Speedracer,75 ft (23 m),lift,,Werner Stengel,,Steel,1977-07-04,45.0,,1
Space Mountain (Disneyland),"3,459 ft (1,054 m)",35[2] mph (56 km/h),Operating,Arrow Development (1977–2003)Dynamic Structures (2005–present)]],,76 ft (23 m),lift,,WED Enterprises,,Steel,1977-05-27,35.0,,0
Arkansas Twister,"3,340 ft (1,020 m)",50 mph (80 km/h),Operating,Michael Black and Associates,,95 ft (29 m),lift,,Don Rosser / Bill Cobb,Out and back,Wood,1978-01-01,50.0,,0
Colossus (Six Flags Magic Mountain),"4,990 ft (1,520 m)",57 mph (92 km/h),Operating,Rocky Mountain Construction,I-Box – Custom,121 ft (37 m),lift,,Alan Schilke,Möbius Loop with one station,Steel,2015-05-23,57.0,,2
Loch Ness Monster (roller coaster),"3,240 ft (990 m)",60 mph (97 km/h),Operating,Arrow Development,Custom Looping Coaster,130 ft (40 m),lift,3.5,Ron Toomer,Terrain,Steel,1978-06-06,60.0,,2
Montezooma's Revenge,800 ft (240 m),55 mph (89 km/h),Operating,Anton Schwarzkopf,Shuttle Loop - Flywheel,148 ft (45 m),launch,,Werner Stengel,Shuttle Loop,Steel,1978-05-21,55.0,,2
Shock Wave (Six Flags Over Texas),"3,600 ft (1,100 m)",60 mph (97 km/h),Operating,Anton Schwarzkopf,custom looping,116 ft (35 m),lift,5.9,Werner Stengel,,Steel,1978-04-22,60.0,,2
The Riddler Mindbender,"3,253 ft (992 m)",50 mph (80 km/h),Operating,Anton Schwarzkopf,Custom design,80 ft (24 m),lift,,Werner Stengel,Terrain,Steel,1978-03-31,50.0,,2
Tornado (Adventureland),"2,850 ft (870 m)",58 mph (93 km/h),Operating,Frontier Construction Company,,93 ft (28 m),lift,,William Cobb,Out and Back,Wood,1978-07-04,58.0,,0
The Beast (roller coaster),"7,359 ft (2,243 m)",64.78 mph (104.25 km/h),Operating,Kings Island,,110 ft (34 m),lift,3.6,Al CollinsJeff Gramke,Terrain,Wood,1979-04-14,64.8,,0
Wilderness Run,443 ft (135 m),6 mph (9.7 km/h),Operating,Intamin,Children's coaster,19 ft (5.8 m),lift,,,,Steel,1979-01-01,6.0,,0
Carolina Cyclone,"2,100 ft (640 m)",41 mph (66 km/h),Operating,Arrow Dynamics,Custom Looping,95 ft (29 m),lift,3.5,Ron Toomer,,Steel,1980-03-22,41.0,,4
Corkscrew (Valleyfair),"1,950 ft (590 m)",50 mph (80 km/h),Operating,Arrow Dynamics,,85 ft (26 m),lift,3.5,,Out and Back,Steel,1980-01-01,50.0,,3
Scorpion (roller coaster),"1,817.6 ft (554.0 m)",41 mph (66 km/h),Operating,Anton Schwarzkopf,Silver Arrow,60.7 ft (18.5 m),lift,3.5,Werner Stengel,,Steel,1980-05-16,41.0,,1
The Beastie (Kings Island),"1,350 ft (410 m)",35 mph (56 km/h),Operating,Philadelphia Toboggan Coasters,,38.6 ft (11.8 m),lift,,John C. Allen,Figure Eight,Wood,1972-01-01,35.0,,0
Dragon Fyre,"658.5 m (2,160 ft)",80 km/h (50 mph),Operating,Arrow Dynamics,Custom Looping Coaster,23.8 m (78 ft),lift,,HUSS Park Attractions,,Steel,1981-01-01,49.7,78.1,4
Ghoster Coaster (Canada's Wonderland),"413.3 m (1,356 ft)",56 km/h (35 mph),Operating,Taft Broadcasting,,12.5 m (41 ft),lift,,Curtis D. Summers,,Wood,1981-05-23,34.8,41.0,0
Mighty Canadian Minebuster,"1,166.8 m (3,828 ft)",89.9 km/h (55.9 mph),Operating,Canada's Wonderland,,27.4 m (90 ft),lift,,Curtis D. Summers,Out and Back,Wood,1981-01-01,55.9,89.9,0
Python (Efteling),"750 m (2,460 ft)",75 km/h (47 mph),Operating,Vekoma,Double Loop Corkscrew,29 m (95 ft),lift,3.5,Vekoma,,Steel,1981-04-12,46.6,95.1,4
Wilde Beast,"960 m (3,150 ft)",90 km/h (56 mph),Operating,Taft Broadcasting Company,,25 m (82 ft),lift,,Curtis D. Summers,Out and Back/Figure 8,Wood,1981-01-01,55.9,82.0,0
Grizzly (Kings Dominion),"3,150 ft (960 m)",51 mph (82 km/h),Operating,Taft Broadcasting Company,,87 ft (27 m),lift,,Curtis D. Summers,Terrain,Wood,1982-03-27,51.0,,0
Looping Star (Nagashima Spa Land),"1,942.3 ft (592.0 m)",40 mph (64 km/h),Operating,Anton Schwarzkopf,Custom Looping,80 ft (24 m),lift,,Werner Stengel,,Steel,1982-01-01,40.0,,1
Vortex (Calaway Park),,,Operating,Arrow Dynamics,Corkscrew,,lift,,,,Steel,1982-01-01,,,2
Colossus the Fire Dragon,"2,850 ft (870 m)",55 mph (89 km/h),Operating,Anton Schwarzkopf,Double Looping (with additional trackway curve),85 ft (26 m),lift,4.9 (Back Seat)4.0 (Front Seat),Ingenieur Büro Stengel GmbH,Figure 8,Steel,1983-01-01,55.0,,2
Cyclone (Six Flags New England),"3,320 ft (1,010 m)",55 mph (89 km/h),Operating,Rocky Mountain Construction,I-Box,109 ft (33 m),lift,,Alan Schilke,Twister,Steel,2015-05-24,55.0,,3
Dragon Mountain,"5,500 ft (1,700 m)",50 mph (80 km/h),Operating,Arrow Huss,Custom Looping Coaster,186 ft (57 m),lift,,Ron Toomer,Terrain,Steel,1983-07-16,50.0,,4
Sea Serpent (Morey's Piers),935 ft (285 m),47 mph (76 km/h),Operating,Vekoma,Boomerang,125 ft (38 m),lift,5.2,Vekoma,Boomerang,Steel,1984-01-01,47.0,,3
Steamin' Demon,"1,565 ft (477 m)",45 mph (72 km/h),Operating,Arrow Dynamics,,95 ft (29 m),lift,,,,Steel,1984-05-26,45.0,,3
Ultra Twister (Nagashima Spa Land),,,Operating,TOGO,Ultra Twister,,lift,,,,Steel,1989-01-01,,,3
Shaman (roller coaster),"2,296.7 ft (700.0 m)",43.5 mph (70.0 km/h),Operating,Vekoma,Double Loop with Corkscrew,98.5 ft (30.0 m),lift,,Vekoma,,Steel,1985-01-01,43.5,,4
Phoenix (roller coaster),"3,200 ft (980 m)",45 mph (72 km/h),Operating,Philadelphia Toboggan Coasters,,78 ft (24 m),lift,,"Herbert Paul Schmeck, 1947",Double Out and Back,Wood,1985-06-15,45.0,,0
Wild Mouse (Idlewild),"1,640 ft (500 m)",30 mph (48 km/h),Operating,Vekoma,,56 ft (17 m),lift,,,Wild mouse,Steel,1985-01-01,30.0,,0
Iron Dragon (roller coaster),"2,800 ft (850 m)",40 mph (64 km/h),Operating,Arrow Dynamics,Suspended Coaster,76 ft (23 m),lift,,Ron Toomer,Terrain roller coaster,Steel,1987-06-11,40.0,,0
Lisebergbanan,"1,548 m (5,079 ft)",80 km/h (50 mph),Operating,Zierer,Custom steel,45 m (148 ft),lift,3,"Werner Stengel, Anton Schwarzkopf",,Steel,1987-04-18,49.7,147.6,0
Avalanche (Blackpool Pleasure Beach),"1,161 ft (354 m)",45 mph (72 km/h),Operating,Mack Rides,Bobsleigh,59 ft (18 m),lift,,,,Steel,1988-06-22,45.0,,0
Bandit (Yomiuriland),"5,118 ft (1,560 m)",68.3 mph (109.9 km/h),Operating,TOGO,Sitdown,167.3 ft (51.0 m),lift,,,,Steel,1988-03-01,68.3,,0
Ninja (Six Flags Magic Mountain),"2,700 ft (820 m)",55 mph (89 km/h),Operating,Arrow Dynamics,Suspended Coaster,60 ft (18 m),lift,2.9,Arrow Dynamics,Terrain,Steel,1988-05-21,55.0,,0
Wolverine Wildcat,"3,000 ft (910 m)",55 mph (89 km/h),Operating,Dinn Corporation,Sit Down,85 ft (26 m),lift,,Curtis D. Summers,Double Out and Back,Wood,1988-05-18,55.0,,0
Eurosat - CanCan Coaster,"900 m (3,000 ft)",60 km/h (37 mph),Operating,Mack Rides,,25.5 m (84 ft),lift,4,,,Steel,1989-01-01,37.3,83.7,0
Excalibur (Valleyfair),"2,415 ft (736 m)",54.5 mph (87.7 km/h),Operating,Arrow Dynamics,Special Coaster Systems,100 ft (30 m),lift,3.6,,,Steel,1989-01-01,54.5,,0
Goudurix,"950 m (3,120 ft)",90 km/h (56 mph),Operating,Vekoma,,36 m (118 ft),lift,3.9,Vekoma,,Steel,1989-01-01,55.9,118.1,7
Magnum XL-200,"5,106 ft (1,556 m)",72 mph (116 km/h),Operating,Arrow Dynamics,Hyper Coaster,205 ft (62 m),lift,,Ron Toomer,Out and Back,Steel,1989-05-06,72.0,,0
Olympia Looping,"4,101 ft (1,250 m)",52 mph (84 km/h),Operating,BHS,,110 ft (34 m),lift,5.2,"Anton Schwarzkopf, Werner Stengel",,Steel,1989-09-17,52.0,,5
Timber Wolf (roller coaster),"4,260 ft (1,300 m)",53 mph (85 km/h),Operating,Dinn Corporation,Custom,100 ft (30 m),lift,,Curtis D. Summers,,Wood,1989-04-01,53.0,,0
Ultra Twister (Nagashima Spa Land),,,Operating,TOGO,Ultra Twister,,lift,,,,Steel,1989-01-01,,,3
Texas Giant,"4,200 ft (1,300 m)",65 mph (105 km/h),Operating,Rocky Mountain Construction,I-Box – Custom,153 ft (47 m),lift,4.2,Alan Schilke,,Steel,2011-04-22,65.0,,0
Thunder Run (Kentucky Kingdom),"2,850 ft (870 m)",53 mph (85 km/h),Operating,Dinn Corporation,Custom,90 ft (27 m),lift,,Curtis D. SummersJohn Fetterman,,Wood,1990-08-01,53.0,,0
Vampire (roller coaster),"2,200 ft (670 m)",45 mph (72 km/h),Operating,Arrow Dynamics,Suspended Swinging Coaster,70 ft (21 m),lift,4,John Wardley,,Steel,1990-04-11,45.0,,0
Viper (Six Flags Magic Mountain),"3,830 ft (1,170 m)",70 mph (110 km/h),Operating,Arrow Dynamics,Custom Looping Coaster,188 ft (57 m),lift,4.1,Ron Toomer[1],,Steel,1990-04-07,70.0,,7
Adventure Express,"2,963 ft (903 m)",35 mph (56 km/h),Operating,Arrow Dynamics,Mine Train,63 ft (19 m),lift,3.8,,,Steel,1991-04-13,35.0,,0
Anaconda (roller coaster),"2,700 ft (820 m)",50 mph (80 km/h),Operating,Arrow Dynamics,Custom Looping Coaster,128 ft (39 m),lift,5.1,Ron Toomer,,Steel,1991-03-23,50.0,,4
Sidewinder (Hersheypark),935 ft (285 m),47 mph (76 km/h),Operating,Vekoma,Boomerang,116.5 ft (35.5 m),lift,5.2,,,Steel,1991-05-11,47.0,,6
Steel Phantom,"3,200 ft (980 m)",85 mph (137 km/h),Operating,D. H. Morgan Manufacturing,Hyper Coaster,160 ft (49 m),lift,3.5,,Terrain Mega Coaster,Steel,1991-05-10,85.0,,0
Vortex (Canada's Wonderland),"719.5 m (2,361 ft)",55 mph (89 km/h),Operating,Arrow Dynamics,Suspended Coaster,27.8 m (91 ft),lift,,,Terrain,Steel,1991-05-12,55.0,91.2,0
Vortex (Great America),"1,920 ft (590 m)",45 mph (72 km/h),Operating,Bolliger & Mabillard,Floorless Coaster,91 ft (28 m),lift,,Werner Stengel,,Steel,1991-03-09,45.0,,2
Desert Storm (roller coaster),,,Operating,Hopkins Rides,,,lift,,,,Steel,1992-01-01,,,2
The Rattler (roller coaster),"3,266 ft (995 m)",70 mph (110 km/h),Operating,Rocky Mountain Construction,I-Box,179 ft (55 m),lift,,Alan Schilke,Terrain,Steel,2013-05-25,70.0,,1
Vortex (Carowinds),"2,040 ft (620 m)",50 mph (80 km/h),Operating,Bolliger & Mabillard,Stand-Up,90 ft (27 m),lift,,Werner Stengel,,Steel,1992-03-14,50.0,,2
Indiana Jones et le Temple du Péril,"600 m (2,000 ft)",36 mph (58 km/h),Operating,Intamin,Looping Coaster,59 ft (18 m),lift,,Walt Disney Imagineering,Pinfari TL-59,Steel,1993-07-30,36.0,,1
Kumba (roller coaster),"3,978 ft (1,212 m)",60 mph (97 km/h),Operating,Bolliger & Mabillard,Sitting Coaster,143 ft (44 m),lift,3.8,Werner Stengel,,Steel,1993-04-20,60.0,,7
Outlaw (roller coaster),"2,800 ft (850 m)",48 mph (77 km/h),Operating,Custom Coasters International,,67 ft (20 m),lift,3.2[2],,,Wood,1993-04-24,48.0,,0
Thunderation,"3,022 ft (921 m)",48 mph (77 km/h),Operating,Arrow Dynamics,Mine train,81 ft (25 m),lift,,,Terrain,Steel,1993-04-10,48.0,,0
Top Gun (Kings Island),"2,352 ft (717 m)",51 mph (82 km/h),Operating,Arrow Dynamics,Suspended Coaster,78 ft (24 m),lift,2.9,,Terrain,Steel,1993-04-09,51.0,,0
Wild Mouse (Idlewild),"1,640 ft (500 m)",30 mph (48 km/h),Operating,Vekoma,,56 ft (17 m),lift,,,Wild mouse,Steel,1985-01-01,30.0,,0
The Comet (Great Escape),"4,197 ft (1,279 m)",55 mph (89 km/h),Operating,Philadelphia Toboggan Coasters,Wooden track coaster,95 ft (29 m),lift,,Herbert Paul Schmeck,Double Out and Back,Wood,1948-01-01,55.0,,0
Condor (roller coaster),"662 m (2,172 ft)",80 km/h (50 mph),Operating,Vekoma,Suspended Looping Coaster,31 m (102 ft),lift,4.5 G (Positive),,,Steel,1994-05-01,49.7,101.7,5
Hakugei (roller coaster),"1,530 m (5,020 ft)",107 km/h (66 mph),Operating,Rocky Mountain Construction,I-Box Track,55 m (180 ft),lift,4,,,Steel,2019-03-28,66.5,180.4,3
Nemesis (roller coaster),"716 m (2,349 ft)",81 km/h (50 mph),Operating,Bolliger & Mabillard,Inverted Coaster – Custom,13 m (42.7 ft),lift,3.5[2],Werner Stengel,Terrain,Steel,1994-03-19,50.3,42.7,4
Raptor (Cedar Point),"3,790 ft (1,160 m)",57 mph (92 km/h),Operating,Bolliger & Mabillard,Inverted Coaster - Raptor,137 ft (42 m),lift,,Werner Stengel,,Steel,1994-05-07,57.0,,6
Shockwave (Drayton Manor),"1,640 ft (500 m)",53 mph (85 km/h),Operating,Intamin,Stand-up roller coaster,119.7 ft (36.5 m),lift,4,Werner Stengel Mark Golding,Out and back,Steel,1994-03-26,53.0,,4
The Big One (roller coaster),"5,497 ft (1,675 m)",74 mph (119 km/h),Operating,Arrow Dynamics,Hyper Coaster,213 ft (65 m),lift,3.5,Ron Toomer,,Steel,1994-05-28,74.0,,0
Zach's Zoomer,,,Operating,Custom Coasters International,,,lift,,,,Wood,1994-07-22,,,0
Cannonball Express (roller coaster),"1,738 ft (530 m)",34 mph (55 km/h),Operating,Anton Schwarzkopf,Jumbo V,53 ft (16 m),lift,,Werner Stengel,,Steel,1995-01-01,34.0,,0
Dragon Khan,"1,285 m (4,216 ft)",104.6 km/h (65.0 mph),Operating,Bolliger & Mabillard,Sitting Coaster,45.1 m (148 ft),lift,4,John Wardley (layout) Ing.-Büro Stengel GmbH (mechanical role),,Steel,1995-05-02,65.0,148.0,8
Flight Deck (Canada's Wonderland),"689.01 m (2,260.5 ft)",79.99 km/h (49.70 mph),Operating,Vekoma,SLC (689m Standard),33.31 m (109.3 ft),lift,,,,Steel,1995-01-01,49.7,109.3,5
The Great Nor'easter,"2,170 ft (660 m)",55 mph (89 km/h),Operating,Vekoma,Suspended Looping Coaster-Custom,115 ft (35 m),lift,,,,Steel,1995-05-26,55.0,,5
Jaguar!,"2,602 ft (793 m)",35 mph (56 km/h),Operating,Zierer,Tivoli,65 ft (20 m),lift,,Ingenieur Büro Stengel GmbH,,Steel,1995-06-17,35.0,,0
The Raven (roller coaster),"2,800 ft (850 m)",50 mph (80 km/h),Operating,Custom Coasters International,,110 ft (34 m),lift,,"Dennis McNulty, Larry Bill",Terrain,Wood,1995-05-06,50.0,,0
Space Mountain: De la Terre à la Lune,"3,281 ft (1,000 m)",44 mph (71 km/h),Operating,Vekoma,,105 ft (32 m),launch,,Walt Disney ImagineeringWerner Stengel,,Steel,2017-05-07,44.0,,3
Space Shuttle (roller coaster),935 ft (285 m),47 mph (76 km/h),Operating,Vekoma,Boomerang,116.6 ft (35.5 m),lift,5.2,,,Steel,1995-07-28,47.0,,3
T2 (roller coaster),"2,171.9 ft (662.0 m)",49.7 mph (80.0 km/h),Operating,Vekoma,SLC (662m Prototype),101.7 ft (31.0 m),lift,,,,Steel,1995-04-08,49.7,,5
Twister II,"4,640 ft (1,410 m)",55 mph (89 km/h),Operating,Hensel Phelps Construction,custom,100 ft (30 m),lift,3.1,John Pierce,Twister,Wood,1995-05-27,55.0,,0
Viper (Six Flags Great America),"3,458 ft (1,054 m)",50 mph (80 km/h),Operating,Six Flags,,100 ft (30 m),lift,3.6,Six Flags,Coney Island Cyclone (mirror image),Wood,1995-04-29,50.0,,0
The Barnstormer,207 m (679 ft),40.2 km/h (25.0 mph),Operating,Vekoma,Junior Coaster (Custom),9.1 m (30 ft),lift,,Walt Disney Imagineering,,Steel,1996-10-01,25.0,29.9,0
The Great White (Morey's Piers),"3,300 ft (1,000 m)",50 mph (80 km/h),Operating,Custom Coasters International,,110 ft (34 m),lift,,Dennis McNulty,,Wood,1996-06-10,50.0,,0
Montu (roller coaster),"3,983 ft (1,214 m)",60 mph (97 km/h),Operating,Bolliger & Mabillard,Inverted Coaster – Custom,150 ft (46 m),lift,3.8,Werner Stengel,,Steel,1996-05-16,60.0,,7
Pegasus (Mt. Olympus Water and Theme Park),,40 mph (64 km/h),Operating,Custom Coasters International,,60 ft (18 m),lift,,,,Wood,1996-01-01,40.0,,0
Rougarou (roller coaster),"3,900 ft (1,200 m)",60 mph (97 km/h),Operating,Bolliger & Mabillard,Floorless Coaster,145 ft (44 m),lift,,Werner Stengel,,Steel,2015-05-09,60.0,,4
Santa Monica West Coaster,"1,300 ft (400 m)",35 mph (56 km/h),Operating,D. H. Morgan Manufacturing,,55 ft (17 m),lift,,,,Steel,1996-05-25,35.0,,0
Skull Mountain,"1,377 ft (420 m)",33 mph (53 km/h),Operating,Intamin,Indoor Roller Coaster,40.5 ft (12.3 m),lift,2.3,,steel twister,Steel,1996-06-03,33.0,,0
The Barnstormer at Goofy's Wiseacre Farm,207 m (679 ft),40.2 km/h (25.0 mph),Operating,Vekoma,Junior Coaster (Custom),9.1 m (30 ft),lift,,Walt Disney Imagineering,,Steel,1996-10-01,25.0,29.9,0
The Walking Dead: The Ride,"1,312.3 ft (400.0 m)",27.7 mph (44.6 km/h),Operating,Vekoma,Enigma,41.7 ft (12.7 m),lift,2.4,Vekoma,Modified Enigma,Steel,1996-03-23,27.7,,0
The Underground (roller coaster),911 ft (278 m),,Operating,Custom Coasters International,Indoor Freeform,13 ft (4.0 m),lift,,"Custom Coasters, Inc., Larry Bill, Dennis McNulty",,Wood,1996-04-27,,,0
Wild Thing (Valleyfair),"5,460 ft (1,660 m)",75 mph (121 km/h),Operating,D. H. Morgan Manufacturing,Hypercoaster,207 ft (63 m),lift,4.1,Steve Okamoto,Out and Back,Steel,1996-05-11,75.0,,0
Wildcat (Hersheypark),"3,183 ft (970 m)",50 mph (80 km/h),Operating,Great Coasters International,,106 ft (32 m),lift,3.5,Clair HainMike Boodley,,Wood,1996-05-26,50.0,,0
Alpengeist,"3,828 ft (1,167 m)",67 mph (108 km/h),Operating,Bolliger & Mabillard,Inverted Coaster,195 ft (59 m),lift,3.7,Werner Stengel,Terrain,Steel,1997-03-22,67.0,,6
Euro-Mir,"3,215 ft (980 m)",49.7 mph (80.0 km/h),Operating,Mack Rides,,92 ft (28 m),lift,4,Franz Mack,,Steel,1997-01-01,49.7,,0
The Great White (SeaWorld San Antonio),"2,562 ft (781 m)",50 mph (80 km/h),Operating,Bolliger & Mabillard,Inverted Coaster – Batman,108 ft (33 m),lift,4.6,Werner Stengel,,Steel,1997-02-01,50.0,,5
Big Apple Coaster,"4,777 ft (1,456 m)",67 mph (108 km/h),Operating,TOGO,Sitdown Looping,203 ft (62 m),lift,,TOGO,Custom,Steel,1997-01-03,67.0,,2
Steel Force,"5,600 ft (1,700 m)",75 mph (121 km/h),Operating,D. H. Morgan Manufacturing,Hyper Coaster,200 ft (61 m),lift,3.4,Steve Okamoto,Out and Back,Steel,1997-05-30,75.0,,0
Tonnerre de Zeus,"4,044 ft (1,233 m)",52 mph (84 km/h),Operating,Custom Coasters International,,98 ft (30 m),lift,,"Dennis McNulty, Larry Bill",,Wood,1997-01-01,52.0,,0
Excalibur (Funtown Splashtown USA),"2,700 ft (820 m)",55 mph (89 km/h),Operating,Custom Coasters International,,100 ft (30 m),lift,,"Dennis McNulty, Larry Bill",,Wood,1998-01-01,55.0,,0
GhostRider (roller coaster),"4,533 ft (1,382 m)",56 mph (90 km/h),Operating,Custom Coasters International,,118 ft (36 m),lift,3.1,,Double Out and Back,Wood,1998-12-08,56.0,,0
Great Bear (roller coaster),"2,800 ft (850 m)",58 mph (93 km/h),Operating,Bolliger & Mabillard,Inverted Coaster,90 ft (27 m),lift,,Werner Stengel,,Steel,1998-05-23,58.0,,4
Journey to Atlantis,,,Operating,Mack Rides,Water Coaster,,lift,,,Water Coaster,Steel,1998-04-17,,,0
Mamba (roller coaster),"5,600 ft (1,700 m)",75 mph (121 km/h),Operating,D. H. Morgan Manufacturing,Hypercoaster,205 ft (62 m),lift,3.5,Steve Okamoto,Out and Back,Steel,1998-04-18,75.0,,0
Oblivion (roller coaster),"373 m (1,224 ft)",110 km/h (68 mph),Operating,Bolliger & Mabillard,Dive Coaster,19.8 m (65 ft),lift,4.5,Werner Stengel,,Steel,1998-03-14,68.4,65.0,0
Rampage (roller coaster),"3,500 ft (1,100 m)",56 mph (90 km/h),Operating,Custom Coasters International,,120 ft (37 m),lift,,"Larry Bill, Dennis McNulty",Terrain twister,Wood,1998-05-23,56.0,,0
Rattlesnake (roller coaster),"1,213 ft (370 m)",28 mph (45 km/h),Operating,Maurer AG,Wilde Maus Classic,49.25 ft (15.01 m),lift,,Werner Stengel,,Steel,1998-01-01,28.0,,0
The Riddler's Revenge,"4,370 ft (1,330 m)",65 mph (105 km/h),Operating,Bolliger & Mabillard,Stand-Up Coaster,156 ft (48 m),lift,4.2,Werner Stengel,,Steel,1998-04-04,65.0,,6
Roller Coaster (Dam Sen Park),"500 m (1,600 ft)",70 km/h (43 mph),Operating,Hebei Zhongye Metallurgical Equipment,,24 m (79 ft),lift,3.8,,,Steel,1998-01-01,43.5,78.7,3
Shivering Timbers,"5,383 ft (1,641 m)",57 mph (92 km/h),Operating,Custom Coasters International,,122 ft (37 m),lift,3.8 g,,Out and Back,Wood,1998-01-01,57.0,,0
Storm Chaser (roller coaster),"2,744 ft (836 m)",52 mph (84 km/h),Operating,Rocky Mountain Construction,I-Box – Custom,100 ft (30 m),lift,3.8,Alan Schilke,,Steel,2016-04-30,52.0,,3
Vogel Rok,"2,296 ft (700 m)",40 mph (64 km/h),Operating,Vekoma,Custom MK-900,82 ft (25 m),lift,3.5,Ton van de Ven,,Steel,1998-04-09,40.0,,0
Afterburn (roller coaster),"2,956 ft (901 m)",62 mph (100 km/h),Operating,Bolliger & Mabillard,Inverted Coaster – Custom,113 ft (34 m),lift,,Ing.-Büro Stengel GmbH,,Steel,1999-03-20,62.0,,6
Apollo's Chariot,"4,882 ft (1,488 m)",73 mph (117 km/h),Operating,Bolliger & Mabillard,Hyper Coaster,170 ft (52 m),lift,4.1,Werner Stengel,Out and Back/Terrain,Steel,1999-03-30,73.0,,0
Bizarro (roller coaster),"3,985 ft (1,215 m)",61 mph (98 km/h),Operating,Bolliger & Mabillard,Floorless Coaster / Medusa,142 ft (43 m),lift,4,Werner Stengel,,Steel,1999-04-02,61.0,,7
Canyon Blaster (Six Flags Magic Mountain),,10 mph (16 km/h),Operating,E&F Miler Industries,Family Coasters/16ft Oval w/helix on left,8 ft (2.4 m),lift,1,Chance Rides,,Steel,1999-05-30,10.0,,0
Exterminator (roller coaster),"1,377.9 ft (420.0 m)",29.1 mph (46.8 km/h),Operating,Reverchon Industries,Spinning Coaster,42.7 ft (13.0 m),lift,2.5,Reverchon Industries,Wild Mouse,Steel,1999-04-18,29.1,,0
Georgia Scorcher,"3,000 ft (910 m)",54 mph (87 km/h),Operating,Bolliger & Mabillard,Stand-up Coaster,107 ft (33 m),lift,4,Werner Stengel,,Steel,1999-05-08,54.0,,2
Harley Quinn Crazy Train,"1,181.1 ft (360.0 m)",22.4 mph (36.0 km/h),Operating,Zierer,Tivoli - Large,26.3 ft (8.0 m),lift,,Werner Stengel,Double Figure Eight,Steel,1999-01-01,22.4,,0
The Howler,262.5 ft (80.0 m),16 mph (26 km/h),Operating,Zamperla,Family Gravity Coaster 80STD,13 ft (4.0 m),lift,,,Oval,Steel,1999-05-08,16.0,,0
The Incredible Hulk Coaster,"3,700 ft (1,100 m)",67 mph (108 km/h),Operating,Bolliger & Mabillard,Sitting Coaster – Custom,110 ft (34 m),launch,4,Werner Stengel,,Steel,1999-05-28,67.0,,7
The Joker's Jinx,"2,705 ft (824 m)",60 mph (97 km/h),Operating,Premier Rides,LIM Coaster,78.8 ft (24.0 m),launch,4.5,Werner Stengel,,Steel,1999-05-08,60.0,,4
Lil' Devil Coaster,262.5 ft (80.0 m),,Operating,Zamperla,Family Gravity Coaster 80STD,13 ft (4.0 m),lift,,,Single Helix (center),Steel,1999-01-01,,,0
Limit (roller coaster),"2,260.5 ft (689.0 m)",49.7 mph (80.0 km/h),Operating,Vekoma,SLC (689m Standard),109.3 ft (33.3 m),lift,,,,Steel,1999-01-01,49.7,,5
Mad Mouse (Michigan's Adventure),"1,268 ft (386 m)",33 mph (53 km/h),Operating,Arrow Dynamics,Mad Mouse,68 ft (21 m),lift,,,Wild Mouse,Steel,1999-08-07,33.0,,0
Mad Mouse (Valleyfair),"1,257 ft (383 m)",30 mph (48 km/h),Operating,Arrow Dynamics,Mad Mouse,50 ft (15 m),lift,,,Wild Mouse,Steel,1999-05-08,30.0,,0
Millennium Roller Coaster,"2,736 ft (834 m)",56 mph (90 km/h),Operating,Vekoma,Custom MK-1200,150 ft (46 m),lift,,,,Steel,1999-05-22,56.0,,3
Montezum,"1,030 m (3,380 ft)",103 km/h (64 mph),Operating,Roller Coaster Corporation of America,,,lift,,,,Wood,1999-01-01,64.0,,0
Poltergeist (roller coaster),"2,705 ft (824 m)",60 mph (97 km/h),Operating,Premier Rides,LIM Coaster,78.8 ft (24.0 m),launch,4.5,Werner Stengel,,Steel,1999-05-28,60.0,,4
Raging Bull (roller coaster),"5,057 ft (1,541 m)",73 mph (117 km/h),Operating,Bolliger & Mabillard,Hyper Coaster,202 ft (62 m),lift,,Werner Stengel,,Steel,1999-05-01,73.0,,0
Road Runner Express (Six Flags Discovery Kingdom),262.5 ft (80.0 m),,Operating,Zamperla,Family Gravity Coaster 80STD,13 ft (4.0 m),lift,,,Single Helix (center),Steel,1999-01-01,,,0
Rollie's Coaster,,27 mph (43 km/h),Operating,Pinfari,Zyklon,,lift,,F.lli Pinfari S.r.l,Continual,Steel,1999-01-01,27.0,,0
Tennessee Tornado,"2,682 ft (817 m)",63 mph (101 km/h),Operating,Arrow Dynamics,Custom Looping,163 ft (50 m),lift,3.7,Alan Schilke,Terrain,Steel,1999-04-17,63.0,,3
Tremors (roller coaster),"3,158 ft (963 m)",50 mph (80 km/h),Operating,Custom Coasters International,,85 ft (26 m),lift,2.5,"Alison Brittle, Eden Carpenter, and Gary Norton",Out and Back/Twister,Wood,1999-05-15,50.0,,0
Twisted Typhoon,"2,260.5 ft (689.0 m)",49.7 mph (80.0 km/h),Operating,Vekoma,Suspended Looping Coaster (689m Standard),109.3 ft (33.3 m),lift,,,,Steel,1999-05-08,49.7,,5
Twister (Knoebels Amusement Resort),"3,900 ft (1,200 m)",51 mph (82 km/h),Operating,Knoebels Amusement Resort,,101.5 ft (30.9 m),lift,,"John Fetterman, 1999; from John Allen's 1964 ""Mister Twister"" design",Twister,Wood,1999-07-24,51.0,,0
Woody Woodpecker's Nuthouse Coaster,679.2 ft (207.0 m),21.7 mph (34.9 km/h),Operating,Vekoma,Junior Coaster,27.9 ft (8.5 m),lift,,Universal Creative,,Steel,1999-03-13,21.7,,0
Batman: The Ride (Six Flags México),"2,260.5 ft (689.0 m)",49.7 mph (80.0 km/h),Operating,Vekoma,,109.3 ft (33.3 m),lift,,,,Steel,2000-04-14,49.7,,5
Boulder Dash (roller coaster),"4,725 ft (1,440 m)",60 mph (97 km/h),Operating,Custom Coasters International,,110 ft (34 m),lift,,Dennis McNultyLarry Bill,Terrain,Wood,2000-05-21,60.0,,0
Diving Machine G5,"1,250 ft (380 m)",68.3 mph (109.9 km/h),Operating,Bolliger & Mabillard,Dive Coaster,,lift,5,Werner Stengel,,Steel,2000-03-29,68.3,,0
Goliath (Six Flags Magic Mountain),"4,500 ft (1,400 m)",85 mph (137 km/h),Operating,Giovanola,Mega Coaster,235 ft (72 m),lift,,Werner Stengel,,Steel,2000-02-11,85.0,,0
Katun (roller coaster),"3,937 ft (1,200 m)",65 mph (105 km/h),Operating,Bolliger & Mabillard,Inverted Coaster,164.1 ft (50.0 m),lift,4,Werner Stengel,,Steel,2000-04-01,65.0,,6
Kraken (roller coaster),"4,177 ft (1,273 m)",65 mph (105 km/h),Operating,Bolliger & Mabillard,Custom,153 ft (47 m),lift,3.9,Werner Stengel,,Steel,2000-06-01,65.0,,7
The Legend (roller coaster),"4,042 ft (1,232 m)",59 mph (95 km/h),Operating,Custom Coasters International,,99 ft (30 m),lift,,"Dennis McNulty, Larry Bill",Terrain,Wood,2000-05-06,59.0,,0
Medusa (Six Flags Discovery Kingdom),"3,937 ft (1,200 m)",65 mph (105 km/h),Operating,Bolliger & Mabillard,Floorless,150 ft (46 m),lift,4.5,Werner Stengel,,Steel,2000-03-18,65.0,,7
Millennium Force,"6,595 ft (2,010 m)",93 mph (150 km/h),Operating,Intamin,Giga Coaster,310 ft (94 m),lift,4.5,Werner Stengel,Out and back,Steel,2000-05-13,93.0,,0
Speed of Sound (roller coaster),935 ft (285 m),47 mph (76 km/h),Operating,Vekoma,Boomerang,116.5 ft (35.5 m),lift,5.2,Vekoma,,Steel,2000-04-22,47.0,,3
Steel Dragon 2000,"2,479 m (8,133 ft)",152.9 km/h (95.0 mph),Operating,D. H. Morgan Manufacturing,,97 m (318 ft),lift,,Steve Okamoto,Out and back,Steel,2000-08-01,95.0,318.2,0
Superman The Ride,"5,400 ft (1,600 m)",77 mph (124 km/h),Operating,Intamin,Mega Coaster,208 ft (63 m),lift,3.6,Werner Stengel,Out and BackTwister,Steel,2000-05-05,77.0,,0
Superman: Krypton Coaster,"4,025 ft (1,227 m)",70 mph (110 km/h),Operating,Bolliger & Mabillard,Floorless Coaster - Custom,168 ft (51 m),lift,3.8,Werner Stengel,Terrain,Steel,2000-03-11,70.0,,6
Untamed (Walibi Holland),3559.7 ft,57.2 mph,Operating,Rocky Mountain Construction,IBox Track,119.8 ft,lift,,Alan Schilke,,Steel,2019-07-01,57.2,,5
Xpress: Platform 13,"3,267 ft (996 m)",55.9 mph (90.0 km/h),Operating,Vekoma,LSM Launch,85 ft (26 m),launch,,,,Steel,2000-04-01,55.9,,3
Colossos - Kampf der Giganten,"1,344 m (4,409 ft)",110 km/h (68 mph),Operating,Intamin,Wooden Coaster (prefabricated track),50.0 m (164.0 ft),lift,"-1,5g and 4,5g",Werner Stengel,Out and back,Wood,2001-04-13,68.4,164.0,0
Flying Ace Aerial Chase,"1,122 ft (342 m)",26 mph (42 km/h),Operating,Vekoma,Suspended Family Coaster 342m,48.6 ft (14.8 m),lift,2.2,Peter Clerx,,Steel,2001-01-01,26.0,,0
Goofy's Sky School,"1,200 ft (370 m)",27 mph (43 km/h),Operating,Mack Rides,,55 ft (17 m),lift,,Walt Disney Imagineering,,Steel,2001-02-08,27.0,,0
Insane Speed,"2,677.17 ft (816.00 m)",53.4 mph (85.9 km/h),Operating,Bolliger & Mabillard,Floorless Coaster,,lift,4,Werner Stengel,,Steel,2001-01-01,53.4,,4
Mulholland Madness,"1,200 ft (370 m)",27 mph (43 km/h),Operating,Mack Rides,,55 ft (17 m),lift,,Walt Disney Imagineering,,Steel,2001-02-08,27.0,,0
Nitro (Six Flags Great Adventure),"5,394 ft (1,644 m)",80 mph (130 km/h),Operating,Bolliger & Mabillard,Hyper Coaster,230 ft (70 m),lift,4.3,,L-shaped Out and Back,Steel,2001-04-07,80.0,,0
Phantom's Revenge,"3,200 ft (980 m)",85 mph (137 km/h),Operating,D. H. Morgan Manufacturing,Hyper Coaster,160 ft (49 m),lift,3.5,,Terrain Mega Coaster,Steel,1991-05-10,85.0,,0
Silver Streak (Canada's Wonderland),"1,122.1 ft (342.0 m)",26 mph (42 km/h),Operating,Vekoma,Suspended Family Coaster,48.6 ft (14.8 m),lift,,,,Steel,2001-05-06,26.0,,0
Talon (roller coaster),"3,110 ft (950 m)",58 mph (93 km/h),Operating,Bolliger & Mabillard,Inverted Coaster,135 ft (41 m),lift,4.5,Werner Stengel,,Steel,2001-05-05,58.0,,4
Thundercoaster (TusenFryd),"950 m (3,120 ft)",93 km/h (58 mph),Operating,Vekoma,,,lift,2.4,,,Wood,2001-05-01,57.8,,0
Titan (Six Flags Over Texas),"5,312 ft (1,619 m)",85 mph (137 km/h),Operating,Giovanola,Hyper Coaster,245 ft (75 m),lift,,Werner Stengel,Twister,Steel,2001-04-27,85.0,,0
Wildfire (Silver Dollar City),"3,073 ft (937 m)",66 mph (106 km/h),Operating,Bolliger & Mabillard,Sitting Coaster,120 ft (37 m),lift,3.6,Werner Stengel,Custom,Steel,2001-04-04,66.0,,5
Apple Zapple (Kings Dominion),"1,312 ft (400 m)",35 mph (56 km/h),Operating,Mack Rides,Wild Mouse / Large Park,52 ft (16 m),lift,,,Wild Mouse,Steel,2002-03-22,35.0,,0
Batman: The Dark Knight (roller coaster),"2,850 ft (870 m)",55 mph (89 km/h),Operating,Bolliger & Mabillard,Floorless Coaster[1],117.8 ft (35.9 m),lift,,,Twister,Steel,2002-04-20,55.0,,5
Batman: Arkham Asylum (roller coaster),,49.7 mph (80.0 km/h),Operating,Bolliger & Mabillard,Inverted Coaster (Batman),105 ft (32 m),lift,4.9,,,Steel,2002-04-06,49.7,,5
Colossus (Thorpe Park),"2,789 ft (850 m)",45 mph (72 km/h),Operating,Intamin,Multi Inversion Coaster,98 ft (30 m),lift,4.2,Werner Stengel,Intamin Tri Track,Steel,2002-03-22,45.0,,10
Escape from Madagascar,"342 m (1,122 ft)",41.8 km/h (26.0 mph),Operating,Vekoma,Suspended Family Coaster (342m),14.9 m (49 ft),lift,2.2,,,Steel,2002-12-26,26.0,48.9,0
Galactica (roller coaster),"840 m (2,760 ft)",75 km/h (47 mph),Operating,Bolliger & Mabillard,Flying Coaster,20 m (66 ft),lift,3.5,John Wardley,Custom,Steel,2002-03-16,46.6,65.6,2
Goliath (Walibi Holland),"1,214 m (3,983 ft)",106 km/h (66 mph),Operating,Intamin,,47.17 m (154.8 ft),lift,,Ing.-Büro Stengel GmbH,,Steel,2002-03-29,65.9,154.8,0
Jubilee Odyssey,"2,924 ft (891 m)",63 mph (101 km/h),Operating,Vekoma,SLC (Custom),167 ft (51 m),lift,4.8,,,Steel,2002-05-23,63.0,,5
Lost Coaster of Superstition Mountain,"1,400 ft (430 m)",20 mph (32 km/h),Operating,Custom Coasters International,,35 ft (11 m),lift,,,,Wood,2002-06-06,20.0,,0
Ricochet (Carowinds),"1,214 ft (370 m)",28 mph (45 km/h),Operating,Mack Rides,,45.9 ft (14.0 m),lift,,,,Steel,2002-03-23,28.0,,0
Rugrats Runaway Reptar (Dreamworld),"342 m (1,122 ft)",41.8 km/h (26.0 mph),Operating,Vekoma,Suspended Family Coaster (342m),14.9 m (49 ft),lift,2.2,,,Steel,2002-12-26,26.0,48.9,0
Scooby-Doo Spooky Coaster,"530 m (1,740 ft)",44.6 km/h (27.7 mph),Operating,Mack Rides,Custom,17 m (56 ft),lift,2.4,Warner Bros. Movie World,,Steel,2002-06-17,27.7,55.8,0
Silver Star (roller coaster),"1,620 m (5,310 ft)",127 km/h (79 mph),Operating,Bolliger & Mabillard,Hypercoaster,73 m (240 ft),lift,4,,Out and Back,Steel,2002-03-23,78.9,239.5,0
Le Vampire,"2,700.2 ft (823.0 m)",50 mph (80 km/h),Operating,Bolliger & Mabillard,Inverted Coaster / Batman,105 ft (32 m),lift,4,,,Steel,2002-05-18,50.0,,5
Winja's Fear & Force,"1,345.17 ft (410.0 m)",37.25 mph (59.9 km/h),Operating,Maurer AG,Xtended SC 3000,57.08 ft (17.4 m),lift,,Werner Stengel,,Steel,2002-03-30,37.2,,0
X2 (roller coaster),"3,610 ft (1,100 m)",76 mph (122 km/h),Operating,Arrow Dynamics,4th Dimension Coaster,175 ft (53 m),lift,4Gs,Alan SchilkeRenato Manzoni,,Steel,2002-01-12,76.0,,2
Xcelerator,"2,202 ft (671 m)",82 mph (132 km/h),Operating,Intamin,Accelerator Coaster,205 ft (62 m),launch,,Werner Stengel,Dual Overbank Figure 8,Steel,2002-06-22,82.0,,0
Balder (roller coaster),"1,070 m (3,510 ft)",90 km/h (56 mph),Operating,Intamin,Wooden Coaster (Prefabricated Track),36 m (118 ft),lift,,Ingenieurbüro Stengel GmbH,,Wood,2003-04-12,55.9,118.1,0
Kiddy Hawk,"1,122 ft (342 m)",26 mph (42 km/h),Operating,Vekoma,Suspended Family Coaster 342m,49 ft (15 m),lift,2.2,,,Steel,2003-03-22,26.0,,0
Nemesis Inferno,"750 m (2,460 ft)",80 km/h (50 mph),Operating,Bolliger & Mabillard,Inverted Coaster – Custom,29 m (95 ft),lift,5,John Wardley & Werner Stengel & Jordan Forster,,Steel,2003-04-05,49.7,95.1,4
Scream (roller coaster),"3,985 ft (1,215 m)",63 mph (101 km/h),Operating,Bolliger & Mabillard,Floorless Coaster,150 ft (46 m),lift,4[1],Werner Stengel,,Steel,2003-04-12,63.0,,7
Steel Venom (Valleyfair),630 ft (190 m),68 mph (109 km/h),Operating,Intamin,Twisted Impulse Coaster,185 ft (56 m),launch,,,,Steel,2003-05-17,68.0,,0
Thunder Dolphin,"1,066 m (3,497 ft)",130 km/h (81 mph),Operating,Intamin,Mega Coaster,80 m (260 ft),lift,4.4,Werner Stengel,,Steel,2003-05-01,80.8,262.5,0
Dæmonen,"564 m (1,850 ft)",77 km/h (48 mph),Operating,Bolliger & Mabillard,Floorless Coaster,28 m (92 ft),lift,4,,Twister,Steel,2004-04-16,47.8,91.9,3
Dragon's Fury (roller coaster),"1,706 ft (520 m)",,Operating,Maurer AG,Xtended SC 3000,50.8 ft (15.5 m),lift,,,,Steel,2004-03-27,,,0
Fairly Odd Coaster,"1,345 ft (410 m)",31 mph (50 km/h),Operating,Gerstlauer,Spinning Coaster Model 420/4,54 ft (16 m),lift,3.2,Werner Stengel,Twister,Steel,2004-03-15,31.0,,0
Hell Cat,"2,602 ft (793 m)",56 mph (90 km/h),Operating,S&S – Sansei Technologies,Wooden Coaster,110 ft (34 m),lift,,,Out and Back Helix and Twister,Wood,2004-09-18,56.0,,0
Journey to Atlantis,,,Operating,Mack Rides,Water Coaster,,lift,,,Water Coaster,Steel,1998-04-17,,,0
Shock Wave (Brean Leisure Park),,,Operating,Pinfari,TL59,,lift,,,,Steel,2004-01-01,,,1
Silver Bullet (Knott's Berry Farm),"3,125 ft (952 m)",55 mph (89 km/h),Operating,Bolliger & Mabillard,Inverted coaster,146 ft (45 m),lift,3,,,Steel,2004-12-07,55.0,,6
Spinball Whizzer,"470 m (1,540 ft)",60 km/h (37 mph),Operating,Maurer AG,SC 2200[1],17 m (56 ft),lift,,,,Steel,2004-03-27,37.3,55.8,0
Spinning Dragons,"1,345 ft (410 m)",31 mph (50 km/h),Operating,Gerstlauer,,54 ft (16 m),lift,,,,Steel,2004-04-17,31.0,,0
Storm Runner,"2,600 ft (790 m)",75 mph (121 km/h),Operating,Intamin,Accelerator Coaster,150 ft (46 m),launch,5,Werner Stengel,,Steel,2004-05-08,75.0,,3
The Gauntlet (roller coaster),"2,260.0 ft (688.8 m)",49.7 mph (80.0 km/h),Operating,Vekoma,SLC (689m Standard),109.0 ft (33.2 m),lift,,,,Steel,2004-04-10,49.7,,5
Thunderhead (roller coaster),"3,230 ft (980 m)",53.7 mph (86.4 km/h),Operating,Great Coasters International,,100.4 ft (30.6 m),lift,,Mike Boodley,Twister roller coaster,Wood,2004-04-03,53.7,,0
Time Warp (roller coaster),"390.99 m (1,282.8 ft)",41.4 km/h (25.7 mph),Operating,Zamperla,,15.3 m (50 ft),lift,,Ingenieur Büro Stengel GmbH,,Steel,2004-05-02,25.7,50.2,2
Fairly Odd Coaster (Carowinds),"1,356 ft (413 m)",36 mph (58 km/h),Operating,Philadelphia Toboggan Coasters,144a,40 ft (12 m),lift,,John C. Allen,,Wood,1975-01-01,36.0,,0
Hydra the Revenge,"3,198 ft (975 m)",53 mph (85 km/h),Operating,Bolliger & Mabillard,Floorless Coaster,95 ft (29 m),lift,,Werner Stengel,Twister,Steel,2005-05-07,53.0,,7
Kingda Ka,"3,118 ft (950 m)",128 mph (206 km/h),Operating,Intamin,Accelerator Coaster,456 ft (139 m),launch,,Werner Stengel,,Steel,2005-05-21,128.0,,0
Rita (roller coaster),"640 m (2,100 ft)",98.3 km/h (61.1 mph),Operating,Intamin,Accelerator Coaster,18.4 m (60 ft),launch,4.7,Werner Stengel,Twister,Steel,2005-04-01,61.1,60.4,0
SheiKra,"3,188 ft (972 m)",70 mph (110 km/h),Operating,Bolliger & Mabillard,Dive Coaster,200 ft (61 m),lift,4[1],,Twister,Steel,2005-05-21,70.0,,1
Space Mountain: Mission 2,"3,281 ft (1,000 m)",44 mph (71 km/h),Operating,Vekoma,,105 ft (32 m),launch,,Walt Disney ImagineeringWerner Stengel,,Steel,2017-05-07,44.0,,3
Superman Escape,"760 m (2,490 ft)",100 km/h (62 mph),Operating,Intamin,Accelerator Coaster,40 m (130 ft),launch,4.2 & -1,Werner Stengel,Custom,Steel,2005-12-26,62.1,131.2,0
Black Mamba (roller coaster),"2,519 ft (768 m)",49.7 mph (80.0 km/h),Operating,Bolliger & Mabillard,Inverted Coaster,85.3 ft (26.0 m),lift,4G,,,Steel,2006-05-24,49.7,,4
Eejanaika (roller coaster),"3,782.83 ft (1,153.01 m)",78.3 mph (126.0 km/h),Operating,S&S Arrow,4th Dimension Coaster,249.33 ft (76.00 m),lift,,Alan Schilke,,Steel,2006-07-19,78.3,,3
Expedition Everest,"3,884.5 ft (1,184.0 m)",50 mph (80 km/h),Operating,Vekoma,Custom,199 ft (61 m),lift,3.0,Walt Disney Imagineering,Custom,Other,2006-04-07,50.0,,0
Fairly Odd Coaster (Kings Island),"1,350 ft (410 m)",35 mph (56 km/h),Operating,Philadelphia Toboggan Coasters,,38.6 ft (11.8 m),lift,,John C. Allen,Figure Eight,Wood,1972-01-01,35.0,,0
Goliath (Six Flags Over Georgia),"4,480 ft (1,370 m)",70 mph (113 km/h),Operating,Bolliger & Mabillard,Hyper Coaster,200 ft (61 m),lift,,,Out and Back,Steel,2006-04-01,70.0,,0
Goliath (La Ronde),"4,038.8 ft (1,231.0 m)",68.4 mph (110.1 km/h),Operating,Bolliger & Mabillard,Hyper Coaster,174.8 ft (53.3 m),lift,,,Out and back,Steel,2006-05-13,68.4,,0
Kumali,"2,202.75 ft (671.40 m)",54.9 mph (88.4 km/h),Operating,Vekoma,SLC Shenlin design,117.75 ft (35.89 m),lift,4.7,,,Steel,2006-01-01,54.9,,4
Patriot (Worlds of Fun),"3,081 ft (939 m)",60 mph (97 km/h),Operating,Bolliger & Mabillard,Inverted Coaster,149 ft (45 m),lift,,,Twister,Steel,2006-04-08,60.0,,4
Speed Monster,"2,264 ft (690 m)",55.9 mph (90.0 km/h),Operating,Intamin,Accelerator coaster,131 ft (40 m),launch,4,Stengel Engineering,,Steel,2006-04-23,55.9,,3
Speed: No Limits,"1,970 ft (600 m)",59 mph (95 km/h),Operating,Gerstlauer,,115 ft (35 m),lift,4.5,Werner Stengel,Steel,Steel,2006-04-13,59.0,,2
Stealth (roller coaster),"400.0 m (1,312.3 ft)",80 mph (129 km/h),Operating,Intamin,Accelerator Coaster,62.5 m (205 ft),launch,,Werner Stengel,,Steel,2006-03-15,80.0,205.1,0
Tatsu,"3,602 ft (1,098 m)",62 mph (100 km/h),Operating,Bolliger & Mabillard,Flying Coaster,170 ft (52 m),lift,,,Terrain,Steel,2006-05-13,62.0,,4
The Voyage (roller coaster),"6,442 ft (1,964 m)",67 mph (108 km/h),Operating,The Gravity Group,,159 ft (48 m),lift,,"Mike Graham, Korey Kiepert, Larry Bill, Chad Miller, Will Koch",Out and Back,Wood,2006-05-06,67.0,,0
Boardwalk Bullet,"3,236 ft (986 m)",51 mph (82 km/h),Operating,Martin & Vleminckx,,96 ft (29 m),lift,3.5,"The Gravity Group, LLC",,Wood,2007-08-31,51.0,,0
De Vliegende Hollander,"420 m (1,380 ft)",69 km/h (43 mph),Operating,Kumbak,,18 m (59 ft),lift,0.2-2,Karel Willemen,Water Coaster,Steel,2007-04-01,42.9,59.1,0
Formule X,"1,150 ft (350 m)",45 mph (72 km/h),Operating,Maurer AG,XL 1000,50 ft (15 m),launch,,,,Steel,2007-04-06,45.0,,2
Furius Baco,"2,788.75 ft (850.01 m)",83.9 mph (135.0 km/h),Operating,Intamin,Wing Rider Coaster Accelerator Coaster,46 ft (14 m),launch,4.7,Werner Stengel,,Steel,2007-06-05,83.9,,1
Galaxy Orbiter,"455 m (1,493 ft)",40 km/h (25 mph),Operating,Gerstlauer,Sit down,45 m (148 ft),lift,3.26 G,Ingenieurbüro Stengel GmbH,Indoor,Steel,2007-07-17,24.9,147.6,0
Griffon (roller coaster),"3,108 ft (947 m)",71 mph (114 km/h),Operating,Bolliger & Mabillard,Dive Coaster,205 ft (62 m),lift,4,,Twister,Steel,2007-05-18,71.0,,2
Hollywood Dream – The Ride,"1,200 m (3,900 ft)",90 km/h (56 mph),Operating,Bolliger & Mabillard,Hyper Coaster,44 m (144 ft),lift,,Universal Creative,,Steel,2007-03-09,55.9,144.4,0
Journey to Atlantis,,,Operating,Mack Rides,Water Coaster,,lift,,,Water Coaster,Steel,1998-04-17,,,0
Maverick (roller coaster),"4,450 ft (1,360 m)",70 mph (110 km/h),Operating,Intamin,Blitz Coaster,105 ft (32 m),launch,,Werner Stengel,,Steel,2007-05-26,70.0,,2
Mick Doohan's Motocoaster,"605 m (1,985 ft)",72 km/h (45 mph),Operating,Intamin,Family MotorBike Launch Coaster,7 m (23 ft),launch,,,,Steel,2007-09-30,44.7,23.0,0
Mystery Mine,"1,804.5 ft (550.0 m)",43.5 mph (70.0 km/h),Operating,Gerstlauer,Euro-Fighter (Custom),85.3 ft (26.0 m),lift,,Werner Stengel,Terrain,Steel,2007-04-13,43.5,,2
Renegade (roller coaster),"3,113 ft (949 m)",51.3 mph (82.6 km/h),Operating,Great Coasters International,,97.5 ft (29.7 m),lift,3.9,,"Out and Back, Twister",Wood,2007-05-12,51.3,,0
Surfrider,70 m (230 ft),,Operating,Intamin,Half Pipe Roller Coaster,30 m (98 ft),launch,,Ing.-Büro Stengel GmbH,,Steel,2007-09-01,,98.4,0
Troy (roller coaster),"1,077.2 m (3,534 ft)",86.9 km/h (54.0 mph),Operating,Great Coasters International,,31.9 m (105 ft),lift,2.4[2],,,Wood,2007-06-29,54.0,104.7,0
Wicked (roller coaster),"2,050.5 ft (625.0 m)",55 mph (89 km/h),Operating,Zierer,Tower Launch Coaster,110 ft (34 m),launch,4.8,Werner Stengel,,Steel,2007-06-01,55.0,,1
American Thunder (roller coaster),"2,713 ft (827 m)",48 mph (77 km/h),Operating,Great Coasters International,,82 ft (25 m),lift,,,,Wood,2008-06-20,48.0,,0
Behemoth (roller coaster),"1,620.9 m (5,318 ft)",124 km/h (77 mph),Operating,Bolliger & Mabillard,Hypercoaster,70 m (230 ft),lift,4.5,,,Steel,2008-05-04,77.1,229.7,0
Cobra (Tivoli Friheden),"1,312 ft (400 m)",43.5 mph (70.0 km/h),Operating,Sartori Rides,compact Inverted Coaster,82 ft (25 m),lift,4.5,Ride Tek,,Steel,2008-06-28,43.5,,3
Dive Coaster (Chimelong Paradise),,68.4 mph (110.1 km/h),Operating,Bolliger & Mabillard,Floorless Dive Coaster,197 ft (60 m),lift,4.4,,,Steel,2008-02-07,68.4,,1
Fahrenheit (roller coaster),"2,700 ft (820 m)",58 mph (93 km/h),Operating,Intamin,,121 ft (37 m),lift,,,,Steel,2008-05-24,58.0,,6
Flight Deck (Kings Island),"2,352 ft (717 m)",51 mph (82 km/h),Operating,Arrow Dynamics,Suspended Coaster,78 ft (24 m),lift,2.9,,Terrain,Steel,1993-04-09,51.0,,0
Jet Rescue,"560 m (1,840 ft)",70 km/h (43 mph),Operating,Intamin,,6 m (20 ft),launch,2.5,Sea World,,Steel,2008-12-26,43.5,19.7,0
Mammut (roller coaster),"3,379.3 ft (1,030.0 m)",31.1 mph (50.1 km/h),Operating,Vekoma,Custom MK-900 M,45.11 ft (13.75 m),lift,,,,Steel,2008-03-19,31.1,,0
Moto Coaster (Six Flags Darien Lake),"1,198 ft (365 m)",38 mph (61 km/h),Operating,Zamperla,Motocoaster,44 ft (13 m),launch,,Werner Stengel,Stacked Figure-8,Steel,2008-05-01,38.0,,0
Roller Coaster (Dai Nam Van Hien),"680 m (2,230 ft)",75 km/h (47 mph),Operating,Hebei Zhongye Metallurgical Equipment,,33.6 m (110 ft),lift,4.0,,,Steel,2008-09-11,46.6,110.2,4
SpongeBob SquarePants Rock Bottom Plunge,"1,371.4 ft (418.0 m)",43.5 mph (70.0 km/h),Operating,Gerstlauer,Euro-Fighter (Custom),74.5 ft (22.7 m),lift,4.4,Werner Stengel,Compact,Steel,2008-03-15,43.5,,2
Steel Hawg,,41 mph (66 km/h),Operating,S&S – Sansei Technologies,El Loco,96 ft (29 m),lift,,Alan Schilke,,Steel,2008-07-05,41.0,,2
T Express,"1,641 m (5,384 ft)",103.9 km/h (64.6 mph),Operating,Intamin,Wooden Coaster (Prefabricated Track),56.02 m (183.8 ft),lift,,Werner Stengel,Terrain / Twister,Wood,2008-03-14,64.6,183.8,0
Afterburn (roller coaster),"2,956 ft (901 m)",62 mph (100 km/h),Operating,Bolliger & Mabillard,Inverted Coaster – Custom,113 ft (34 m),lift,,Ing.-Büro Stengel GmbH,,Steel,1999-03-20,62.0,,6
Apocalypse: The Ride,"2,877 ft (877 m)",50.1 mph (80.6 km/h),Operating,Great Coasters International,,95 ft (29 m),lift,,Jeff Pike,,Wood,2009-05-23,50.1,,0
Blue Fire,"3,464.6 ft (1,056.0 m)",62 mph (100 km/h),Operating,Mack Rides,Launched full-circuit dark ride / roller coaster,124 ft (38 m),launch,3.8,,,Steel,2009-04-04,62.0,,4
Diamondback (Kings Island),"5,282 ft (1,610 m)",80 mph (130 km/h),Operating,Bolliger & Mabillard,Hyper Coaster,230 ft (70 m),lift,4.2,,Out and back,Other,2009-04-18,80.0,,0
Diving Coaster,"972 m (3,189 ft)",110 km/h (68 mph),Operating,Bolliger & Mabillard,Dive Coaster,65 m (213 ft),lift,4,,Twister,Steel,2009-08-16,68.4,213.3,1
Hollywood Rip Ride Rockit,"3,800 ft (1,200 m)",65 mph (105 km/h),Operating,Maurer AG,X-Car / Music,167 ft (51 m),lift,4.18[4],Universal Creative,,Steel,2009-08-19,65.0,,0
ISpeed,,74.6 mph (120.1 km/h),Operating,Intamin,Blitz Coaster,180 ft (55 m),launch,,Werner Stengel,Twister,Steel,2009-05-20,74.6,,2
Manta (SeaWorld Orlando),"3,359 ft (1,024 m)",56 mph (90 km/h),Operating,Bolliger & Mabillard,Flying Coaster – Manta,140 ft (43 m),lift,3.7 [2],,,Steel,2009-05-22,56.0,,4
Mumbo Jumbo (roller coaster),,41 mph (66 km/h),Operating,S&S – Sansei Technologies,El Loco,98 ft (30 m),lift,3,,,Steel,2009-07-04,41.0,,2
Prowler (roller coaster),"3,074 ft (937 m)",51.2 mph (82.4 km/h),Operating,Great Coasters International,Custom,102.3 ft (31.2 m),lift,,,Terrain Wood Twister Out and Back,Wood,2009-05-02,51.2,,0
Saw – The Ride,"2,362 ft (720 m)",55 mph (89 km/h),Operating,Gerstlauer,Eurofighter,100 ft (30 m),lift,,,Custom,Steel,2009-03-14,55.0,,3
Superman The Ride,"5,400 ft (1,600 m)",77 mph (124 km/h),Operating,Intamin,Mega Coaster,208 ft (63 m),lift,3.6,Werner Stengel,Out and BackTwister,Steel,2000-05-05,77.0,,0
Tranan,"1,640.4 ft (500.0 m)",24.9 mph (40.1 km/h),Operating,S&S – Sansei Technologies,Free Fly,65.6 ft (20.0 m),lift,2.5,,,Steel,2009-05-29,24.9,,0
Wooden Coaster - Fireball,"3,819 ft (1,164 m)",56 mph (90 km/h),Operating,Martin & Vleminckx,,108 ft (33 m),lift,,The Gravity Group,,Wood,2009-08-16,56.0,,0
Battlestar Galactica (roller coaster),,51.0 mph (82.1 km/h),Operating,Vekoma,Custom,140 ft (42.7 m),launch,,,,Steel,2010-03-18,51.0,,5
Formula Rossa,"2,000 m (6,562 ft)",240 km/h (149.1 mph),Operating,Intamin,Accelerator Coaster,52 m (170.6 ft),launch,4.8[2],,,Steel,2010-11-04,149.1,170.6,0
Intimidator (roller coaster),"5,316 ft (1,620 m)",75 mph (121 km/h),Operating,Bolliger & Mabillard,Hyper Coaster,232 ft (71 m),lift,4.3,,Out and back,Steel,2010-03-27,75.0,,0
Intimidator 305,"5,100 ft (1,554 m)",90 mph (145 km/h),Operating,Intamin,Giga Coaster,305 ft (93 m),lift,,,,Steel,2010-04-02,90.0,,0
Sky Rocket,"2,100 ft (640 m)",50 mph (80 km/h),Operating,Premier Rides,,95 ft (29 m),launch,0.8,,,Steel,2010-06-29,50.0,,3
Space Fantasy – The Ride,"585 m (1,919 ft)",,Operating,Mack Rides,Custom,7 m (23 ft),lift,,Universal Creative,,Steel,2010-03-18,,23.0,0
Thirteen (roller coaster),"2,480 ft (760 m)",42 mph (68 km/h),Operating,Intamin,Multi Dimension Coaster,65.6 ft (20.0 m),lift,3.2,,,Steel,2010-03-20,42.0,,0
Woodstock Express (Carowinds),"1,356 ft (413 m)",36 mph (58 km/h),Operating,Philadelphia Toboggan Coasters,144a,40 ft (12 m),lift,,John C. Allen,,Wood,1975-01-01,36.0,,0
Woodstock Express (Kings Island),"1,350 ft (410 m)",35 mph (56 km/h),Operating,Philadelphia Toboggan Coasters,,38.6 ft (11.8 m),lift,,John C. Allen,Figure Eight,Wood,1972-01-01,35.0,,0
Accelerator (roller coaster),180 m (590 ft),60 km/h (37 mph),Operating,Vekoma,Family Boomerang,20 m (66 ft),lift,3,Meticulous ltd,,Steel,2011-04-21,37.3,65.6,0
Cheetah Hunt,"4,429 ft (1,350 m)",60 mph (97 km/h),Operating,Intamin,,102 ft (31 m),launch,4,,,Steel,2011-05-27,60.0,,1
Dare Devil Dive,"2,099 ft (640 m)",52 mph (84 km/h),Operating,Gerstlauer,Euro-Fighter (Custom),95 ft (29 m),lift,,,,Steel,2011-05-28,52.0,,3
Green Lantern Coaster,"488 m (1,601 ft)",66 km/h (41 mph),Operating,S&S – Sansei Technologies,El Loco,33 m (108 ft),lift,3.5,,,Steel,2011-12-23,41.0,108.3,2
Hair Raiser,"2,788.8 ft (850.0 m)",88 km/h (55 mph),Operating,Bolliger & Mabillard,Floorless Coaster,114.8 ft (35.0 m),lift,4,,Twister,Steel,2011-12-08,54.7,,4
Krake,"476 m (1,562 ft)",103 km/h (64 mph),Operating,Bolliger & Mabillard,Dive Coaster,41 m (135 ft),lift,,,Out and back,Steel,2011-04-16,64.0,134.5,1
New Texas Giant,"4,200 ft (1,300 m)",65 mph (105 km/h),Operating,Rocky Mountain Construction,I-Box – Custom,153 ft (47 m),lift,4.2,Alan Schilke,,Steel,2011-04-22,65.0,,0
Raptor (Gardaland),"2,526.3 ft (770.0 m)",90 km/h (56 mph),Operating,Bolliger & Mabillard,Wing Coaster,108.3 ft (33.0 m),lift,,,Twister,Steel,2011-04-01,55.9,,3
Sky Scrapper,"2,805.1 ft (855.0 m)",54.7 mph (88.0 km/h),Operating,Bolliger & Mabillard,Flying Coaster – Custom,131.3 ft (40.0 m),lift,3.3,,,Steel,2011-04-30,54.7,,5
Takabisha,"1,000 m (3,300 ft)",100 km/h (62 mph),Operating,Gerstlauer,1000,43 m (141 ft),launch,,,,Steel,2011-07-16,62.1,141.1,7
Van Helsing's Factory,"400 m (1,300 ft)",36 km/h (22 mph),Operating,Gerstlauer,Bobsled Coaster,8 m (26 ft),lift,4,,,Steel,2011-06-18,22.4,26.2,0
Wood Coaster (Mountain Flyer),"4,817 ft (1,468 m)",61.2 mph (98.5 km/h),Operating,Great Coasters International,,147 ft (45 m),lift,,,,Wood,2011-07-19,61.2,,0
Wooden Warrior,"1,200 ft (370 m)",35 mph (56 km/h),Operating,The Gravity Group,,35 ft (11 m),lift,,,,Wood,2011-04-23,35.0,,0
The Barnstormer,207 m (679 ft),40.2 km/h (25.0 mph),Operating,Vekoma,Junior Coaster (Custom),9.1 m (30 ft),lift,,Walt Disney Imagineering,,Steel,1996-10-01,25.0,29.9,0
Dauling Dragon,"3,914 ft (1,193.0 m)",,Operating,Martin & Vleminckx,Racing roller coaster,105 ft (32.0 m),lift,,The Gravity Group,,Wood,2012-04-29,,,0
Iron Shark,"1,246 ft (380 m)",52 mph (84 km/h),Operating,Gerstlauer,Euro-Fighter (Iron Shark),100 ft (30 m),lift,,,,Steel,2012-06-01,52.0,,4
Leviathan (Canada's Wonderland),"1,672 m (5,486 ft)",148 km/h (92 mph),Operating,Bolliger & Mabillard,Hyper coaster,93.3 m (306 ft),lift,4.5,Werner Stengel[3],Out and Back,Steel,2012-05-06,92.0,306.1,0
Manta (SeaWorld San Diego),"2,835 ft (864 m)",43 mph (69 km/h),Operating,Mack Rides,,30 ft (9.1 m),launch,Between 3 and 4 Gs,,,Steel,2012-05-26,43.0,,0
OzIris,"3,280 ft (1,000 m)",56 mph (90 km/h),Operating,Bolliger & Mabillard,,131.2 ft (40.0 m),lift,,,,Steel,2012-04-07,56.0,,5
Polar X-plorer,,65 km/h (40 mph),Operating,Zierer,Elevated Seating Coaster,20 m (66 ft),lift,,,,Steel,2012-04-29,40.4,65.6,0
Shambhala (roller coaster),"1,564 m (5,131 ft)",134 km/h (83 mph),Operating,Bolliger & Mabillard,Hyper Coaster,76 m (249 ft),lift,3.8,,,Other,2012-05-12,83.3,249.3,0
Superman: Ultimate Flight (Six Flags Discovery Kingdom),863 ft (263 m),62 mph (100 km/h),Operating,Premier Rides,Sky Rocket II,150 ft (46 m),launch,,,,Steel,2012-06-30,62.0,,1
The Swarm (roller coaster),"775 m (2,543 ft)",59 mph (95 km/h),Operating,Bolliger & Mabillard,Custom,38.6 m (127 ft),lift,4.5,,,Steel,2012-03-15,59.0,126.6,5
The Walking Dead: The Ride,"1,312.3 ft (400.0 m)",27.7 mph (44.6 km/h),Operating,Vekoma,Enigma,41.7 ft (12.7 m),lift,2.4,Vekoma,Modified Enigma,Steel,1996-03-23,27.7,,0
Verbolten,"2,835 ft (864 m)",53 mph (85 km/h),Operating,Zierer,Family Launched Coaster Elevated Seating Coaster,,launch,,,Custom terrain design,Steel,2012-05-18,53.0,,0
Wild Eagle,"3,127 ft (953 m)",61 mph (98 km/h),Operating,Bolliger & Mabillard,Wing Coaster,210 ft (64 m),lift,,,,Steel,2012-03-24,61.0,,4
Wodan Timbur Coaster,"3,444 ft (1,050 m)",62.1 mph (99.9 km/h),Operating,Great Coasters International,,131 ft (40 m),lift,3.5 g,,,Wood,2012-03-31,62.1,,0
X-Flight (Six Flags Great America),"3,000 ft (910 m)",55 mph (89 km/h),Operating,Bolliger & Mabillard,Wing Coaster,120 ft (37 m),lift,,,Twister,Steel,2012-05-16,55.0,,5
Abyss (roller coaster),"630 m (2,070 ft)",85 km/h (53 mph),Operating,Gerstlauer,Euro-Fighter – Custom,30 m (98 ft),lift,4.5,,Custom,Steel,2013-11-01,52.8,98.4,3
Deep Space (roller coaster),"1,706 ft (520 m)",42.50 mph (68.40 km/h),Operating,Premier Rides,Sky Rocket - Indoor,57.41 ft (17.50 m),launch,,,,Steel,2013-01-01,42.5,,2
Full Throttle (roller coaster),"2,200 ft (670 m)",70 mph (110 km/h),Operating,Premier Rides,,160 ft (49 m),launch,4.0,,Terrain,Steel,2013-06-22,70.0,,2
GateKeeper (roller coaster),"4,164 ft (1,269 m)",67 mph (108 km/h),Operating,Bolliger & Mabillard,Wing Coaster,170 ft (52 m),lift,4[1],,Out and back,Steel,2013-05-11,67.0,,6
Gold Striker,"3,197 ft (974 m)",53.7 mph (86.4 km/h),Operating,Great Coasters International,,108.2 ft (33.0 m),lift,4.2,Jeff Pike,,Wood,2013-05-31,53.7,,0
Iron Rattler,"3,266 ft (995 m)",70 mph (110 km/h),Operating,Rocky Mountain Construction,I-Box,179 ft (55 m),lift,,Alan Schilke,Terrain,Steel,2013-05-25,70.0,,1
Karacho,"700 m (2,300 ft)",90 km/h (56 mph),Operating,Gerstlauer,Infinity Coaster,30 m (98 ft),launch,,Imaginvest,,Steel,2013-07-10,55.9,98.4,4
Nitro (Imagicaa),"2,800 ft (850 m)",65.2 mph (104.9 km/h),Operating,Bolliger & Mabillard,Floorless Coaster,132 ft (40 m),lift,,,Twister,Steel,2013-10-01,65.2,,5
Outlaw Run,"2,937 ft (895 m)",68 mph (109 km/h),Operating,Rocky Mountain Construction,Topper Track – Custom,107 ft (33 m),lift,,Alan Schilke,Terrain,Wood,2013-03-15,68.0,,3
The Smiler,"3,838.6 ft (1,170.0 m)",52.8 mph (85.0 km/h),Operating,Gerstlauer,Infinity Coaster,,lift,4.8[1],,Infinity Coaster 1170,Steel,2013-05-31,52.8,,14
Smoky Mountain Alpine Coaster,,27 mph (43 km/h),Operating,Wiegand,Mountain coaster,"3,937 ft (1,200 m)",lift,,,,Steel,2013-08-03,27.0,,0
Storm Coaster,"470 m (1,540 ft)",70 km/h (43 mph),Operating,Mack Rides,Water Coaster,28 m (92 ft),lift,3 Gs[2],,Water Coaster,Steel,2013-12-06,43.5,91.9,0
White Lightning (roller coaster),"2,032 ft (619 m)",44.3 mph (71.3 km/h),Operating,Great Coasters International,Custom,69.7 ft (21.2 m),lift,,,Out and back,Wood,2013-06-07,44.3,,0
Alpina Blitz,"719 m (2,359 ft)",83 km/h (52 mph),Operating,Mack Rides,,33 m (108 ft),lift,4.3,,,Steel,2014-04-12,51.6,108.3,0
Banshee (roller coaster),"4,124 ft (1,257 m)",68 mph (109 km/h),Operating,Bolliger & Mabillard,Inverted Coaster,167 ft (51 m),lift,,,Terrain,Steel,2014-04-18,68.0,,7
The Bat (Kings Island; opened 1993),"2,352 ft (717 m)",51 mph (82 km/h),Operating,Arrow Dynamics,Suspended Coaster,78 ft (24 m),lift,2.9,,Terrain,Steel,1993-04-09,51.0,,0
Family Inverted Coaster (Happy Valley Shanghai),"1,328.8 ft (405.0 m)",30.4 mph (48.9 km/h),Operating,Bolliger & Mabillard,Family Inverted Coaster,65.6 ft (20.0 m),lift,,,,Steel,2014-07-05,30.4,,0
FireChaser Express,"2,427 ft (740 m)",34.5 mph (55.5 km/h),Operating,Gerstlauer,Custom,78 ft (24 m),launch,,,,Steel,2014-03-22,34.5,,0
Flug der Dämonen,"772 m (2,533 ft)",100 km/h (62 mph),Operating,Bolliger & Mabillard,Wing Coaster,40 m (130 ft),lift,4,,,Steel,2014-03-29,62.1,131.2,5
Goliath (Six Flags Great America),"3,100 ft (940 m)",72 mph (116 km/h),Operating,Rocky Mountain Construction,Topper Track – Custom,165 ft (50 m),lift,,Alan Schilke,,Other,2014-06-19,72.0,,2
Harry Potter and the Escape from Gringotts,"600 m (2,000 ft)",,Operating,Intamin,,,launch,,Universal Creative,,Steel,2014-07-08,,,0
Medusa Steel Coaster,"3,000 ft (910 m)",58 mph (93 km/h),Operating,Rocky Mountain Construction,I-Box,118 ft (36 m),lift,,Alan Schilke,,Steel,2014-06-14,58.0,,3
Parrot Coaster,"1,278 m (4,193 ft)",67 mph (108 km/h),Operating,Bolliger & Mabillard,Wing Coaster,164.1 ft (50.0 m),lift,,,Twister,Steel,2014-01-25,67.0,,3
Roar-o-Saurus,"1,240 ft (380 m)",33 mph (53 km/h),Operating,The Gravity Group,,40 ft (12 m),lift,,,,Wood,2014-05-24,33.0,,0
Thunderbird (Holiday World),"3,035 ft (925 m)",60 mph (97 km/h),Operating,Bolliger & Mabillard,Wing Coaster,140 ft (43 m),launch,,,,Steel,2015-04-25,60.0,,4
Thunderbolt (2014 roller coaster),"2,234 ft (681 m)",56 mph (90 km/h),Operating,Zamperla,,115 ft (35 m),lift,4.3,,,Steel,2014-06-14,56.0,,4
Wonder Mountain's Guardian,"304.8 m (1,000 ft)",,Operating,Art Engineering,4D Interactive Dark Ride,18.3 m (60 ft),lift,,Triotech,,Steel,2014-05-24,,60.0,0
Acrobat (roller coaster),"3,349.8 ft (1,021.0 m)",55.9 mph (90.0 km/h),Operating,Bolliger & Mabillard,Flying Coaster (Manta),141.1 ft (43.0 m),lift,,,,Steel,2015-07-18,55.9,,4
Baron 1898,"501 m (1,644 ft)",90 km/h (56 mph),Operating,Bolliger & Mabillard,Dive Coaster,30 m (98 ft),lift,,,,Steel,2015-07-01,55.9,98.4,2
Fury 325,"6,602 ft (2,012 m)",95 mph (153 km/h),Operating,Bolliger & Mabillard,Hyper Coaster,325 ft (99 m),lift,,,,Steel,2015-03-28,95.0,,0
Impulse (roller coaster),"1,975 ft (602 m)",55 mph (89 km/h),Operating,Zierer,Tower Speed Coaster,98 ft (30 m),lift,,,,Steel,2015-04-25,55.0,,4
Junker (roller coaster),"2,821.5 ft (860.0 m)",64.9 mph (104.4 km/h),Operating,Gerstlauer,Infinity Coaster,131.3 ft (40.0 m),launch,4.5,,,Steel,2015-05-30,64.9,,3
Oblivion: The Black Hole,"1,856.9 ft (566.0 m)",62.2 mph (100.1 km/h),Operating,Bolliger & Mabillard,Dive Coaster,139.4 ft (42.5 m),lift,,,,Steel,2015-03-28,62.2,,2
Octonauts Rollercoaster Adventure,469.2 ft (143.0 m),,Operating,Zamperla,Junior Coaster,21.3 ft (6.5 m),lift,,,,Steel,2015-03-21,,,0
Puss in Boots' Giant Journey,"426 m (1,398 ft)",,Operating,Zamperla,Custom,17 m (56 ft),lift,,,,Steel,2015-04-08,,55.8,0
Rewind Racers,593.8 ft (181.0 m),31.1 mph (50.1 km/h),Operating,Gerstlauer,Family Coaster,39.3 ft (12.0 m),lift,,,,Steel,2015-06-06,31.1,,0
Rougarou (roller coaster),"3,900 ft (1,200 m)",60 mph (97 km/h),Operating,Bolliger & Mabillard,Floorless Coaster,145 ft (44 m),lift,,Werner Stengel,,Steel,2015-05-09,60.0,,4
T3 (roller coaster),"2,171.9 ft (662.0 m)",49.7 mph (80.0 km/h),Operating,Vekoma,SLC (662m Prototype),101.7 ft (31.0 m),lift,,,,Steel,1995-04-08,49.7,,5
Tempesto,863 ft (263 m),62 mph (100 km/h),Operating,Premier Rides,Sky Rocket II,150 ft (46 m),launch,,,,Steel,2015-04-25,62.0,,1
The Cú Chulainn Coaster,"1,092 m (3,583 ft)",90 km/h (56 mph),Operating,The Gravity Group,,32 m (105 ft),lift,,,,Wood,2015-06-06,55.9,105.0,0
The Oath of Kärnan,"1,235 m (4,052 ft)",127 km/h (79 mph),Operating,Gerstlauer,Hypercoaster,73 m (240 ft),lift,5,Werner Stengel,Terrain,Steel,2015-07-01,78.9,239.5,1
Turbulence (roller coaster),"1,253.3 ft (382.0 m)",40 mph (64 km/h),Operating,Mack Rides,Spinning Coaster,55 ft (17 m),lift,,,,Steel,2015-05-22,40.0,,0
Twisted Colossus,"4,990 ft (1,520 m)",57 mph (92 km/h),Operating,Rocky Mountain Construction,I-Box – Custom,121 ft (37 m),lift,,Alan Schilke,Möbius Loop with one station,Steel,2015-05-23,57.0,,2
Wicked Cyclone,"3,320 ft (1,010 m)",55 mph (89 km/h),Operating,Rocky Mountain Construction,I-Box,109 ft (33 m),lift,,Alan Schilke,Twister,Steel,2015-05-24,55.0,,3
ZDT's Amusement Park,,65 km/h (40 mph),Operating,The Gravity Group,,65 ft (20 m),lift,,,,Wood,2015-10-17,40.4,,0
Cobra's Curse,"2,100 ft (640 m)",40 mph (64 km/h),Operating,Mack Rides,,70 ft (21 m),lift,,,,Steel,2016-06-17,40.0,,0
Flying Aces (roller coaster),"1,500 m (4,921 ft)",120 km/h (75 mph),Operating,Intamin,Wing Coaster (Intamin),63 m (207 ft),lift,5,,,Steel,2016-02-24,74.6,206.7,1
The Flying Dinosaur,"3,687.7 ft (1,124.0 m)",62 mph (100 km/h),Operating,Bolliger & Mabillard,Flying Coaster - Custom,151 ft (46 m),lift,,,,Steel,2016-03-18,62.0,,5
Formuła (Energylandia),"560 m (1,840 ft)",79.2 km/h (49.2 mph),Operating,Vekoma,Space Warp Launch Coaster,24.7 m (81 ft),launch,3.8,,,Steel,2016-06-25,49.2,81.0,3
The Joker (Six Flags Discovery Kingdom),"3,200 ft (980 m)",53 mph (85 km/h),Operating,Rocky Mountain Construction,I-Box,100 ft (30 m),lift,,Alan Schilke,I-Box,Other,2016-05-29,53.0,,3
Lost Gravity (roller coaster),"680 m (2,230 ft)",87 km/h (54 mph),Operating,Mack Rides,BigDipper,32 m (105 ft),lift,4.3,,,Steel,2016-03-24,54.1,105.0,2
The Monster (Adventureland),"762 m (2,500 ft)",105 km/h (65 mph),Operating,Gerstlauer,Infinity Coaster,40.6 m (133 ft),lift,,,Infinity Coaster - Custom,Steel,2016-06-04,65.2,133.2,5
Pulsar (roller coaster),217 m (712 ft),101 km/h (63 mph),Operating,Mack Rides,PowerSplash,45 m (148 ft),launch,,,,Steel,2016-06-04,62.8,147.6,0
Raik,689 ft (210 m),38.5 mph (62.0 km/h),Operating,Vekoma,Junior Boomerang,82 ft (25 m),lift,,,,Steel,2016-06-30,38.5,,0
Storm Chaser (roller coaster),"2,744 ft (836 m)",52 mph (84 km/h),Operating,Rocky Mountain Construction,I-Box – Custom,100 ft (30 m),lift,3.8,Alan Schilke,,Steel,2016-04-30,52.0,,3
Taron (roller coaster),"1,320 m (4,330 ft)",117 km/h (73 mph),Operating,Intamin,LSM Blitz Coaster,30.0 m (98.4 ft),launch,,,,Steel,2016-06-30,72.7,98.4,0
Valravn (roller coaster),"3,415 ft (1,041 m)",75 mph (121 km/h),Operating,Bolliger & Mabillard,Dive Coaster,223 ft (68 m),lift,,,,Steel,2016-05-07,75.0,,3
Wildfire (Kolmården Wildlife Park),"1,265 m (4,150 ft)",115 km/h (71 mph),Operating,Rocky Mountain Construction,Topper Track - Custom,56 m (184 ft),lift,4 g,Alan Schilke,Terrain,Wood,2016-06-28,71.5,183.7,3
Dawson Duel (roller coaster),"1,607.6 ft (490.0 m)",24.9 mph (40.1 km/h),Operating,Wiegand,Sport Coaster,82 ft (25.0 m),lift,,,,Steel,2017-05-05,24.9,,0
Gold Rush (Slagharen),,59 mph (95 km/h),Operating,Gerstlauer,Infinity Coaster,108.3 ft (33.0 m),launch,,,,Steel,2017-04-13,59.0,,2
InvadR,"2,118 ft (646 m)",48 mph (77 km/h),Operating,Great Coasters International,,60 ft (18 m),lift,,"Jeff PikeSkyline Design, LLC",,Wood,2017-04-07,48.0,,0
Kraken (roller coaster),"4,177 ft (1,273 m)",65 mph (105 km/h),Operating,Bolliger & Mabillard,Custom,153 ft (47 m),lift,3.9,Werner Stengel,,Steel,2000-06-01,65.0,,7
Lech Coaster,"908 m (2,979 ft)",95 km/h (59 mph),Operating,Vekoma,Bermuda Blitz,40 m (131 ft),lift,,,,Steel,2017-07-01,59.0,131.2,3
Mine Blower,"2,290 ft (700 m)",48.5 mph (78.1 km/h),Operating,The Gravity Group,,83 ft (25 m),lift,,,,Wood,2017-06-23,48.5,,1
Mystic Timbers,"3,265 ft (995 m)",53 mph (85 km/h),Operating,Great Coasters International,,109 ft (33 m),lift,,Skyline Design,,Wood,2017-04-15,53.0,,0
Patriot (California's Great America),"1,920 ft (590 m)",45 mph (72 km/h),Operating,Bolliger & Mabillard,Floorless Coaster,91 ft (28 m),lift,,Werner Stengel,,Steel,1991-03-09,45.0,,2
Red Force (roller coaster),"880 m (2,890 ft)",180 km/h (112 mph),Operating,Intamin,,112 m (367 ft),launch,,,,Steel,2017-04-07,111.8,367.5,0
Star Trek: Operation Enterprise,"720 m (2,360 ft)",90 km/h (56 mph),Operating,Mack Rides,,40 m (130 ft),launch,,,,Steel,2017-06-14,55.9,131.2,3
Star Wars Hyperspace Mountain,"3,281 ft (1,000 m)",44 mph (71 km/h),Operating,Vekoma,,105 ft (32 m),launch,,Walt Disney ImagineeringWerner Stengel,,Steel,2017-05-07,44.0,,3
Adrenaline Peak,"1,050 ft (320 m)",45 mph (72 km/h),Operating,Gerstlauer,320,72 ft (22 m),lift,,,,Steel,2018-03-24,45.0,,3
Electric Eel (roller coaster),863 ft (263 m),62 mph (100 km/h),Operating,Premier Rides,Sky Rocket II,150 ft (46 m),launch,,,,Steel,2018-05-10,62.0,,1
HangTime (roller coaster),"2,198 ft (670 m)",57 mph (92 km/h),Operating,Gerstlauer,Infinity Coaster,150 ft (46 m),lift,,,Custom - Infinity Coaster,Steel,2018-05-18,57.0,,5
Hyperion (roller coaster),"1,450 m (4,760 ft)",142 km/h (88 mph),Operating,Intamin,Mega coaster,77 m (253 ft),lift,4.8[2],,,Steel,2018-07-14,88.2,252.6,1
Icon (roller coaster),"3,750 ft (1,140 m)",52.8 mph (85.0 km/h),Operating,Mack Rides,Launch Coaster (Custom),88.5 ft (27.0 m),launch,4.3,Mack Rides GmbH & Co. KG,,Steel,2018-05-25,52.8,,1
Merlin's Mayhem,"1,300 ft (400 m)",,Operating,S&S – Sansei Technologies,Family Inverted Coaster,60 ft (18 m),lift,,Joe Draves,Twister,Steel,2018-04-28,,,0
RailBlazer,"1,800 ft (550 m)",52 mph (84 km/h),Operating,Rocky Mountain Construction,Raptor - Prototype (Mirror),106 ft (32 m),lift,,Alan Schilke,,Steel,2018-06-14,52.0,,3
Steel Vengeance,"5,740 ft (1,750 m)",74 mph (119 km/h),Operating,Rocky Mountain Construction,I-Box Track,205 ft (62 m),lift,,Alan Schilke,Twister,Steel,2018-05-05,74.0,,4
Tantrum (roller coaster),"1,246.7 ft (380.0 m)",52.8 mph (85.0 km/h),Operating,Gerstlauer,Euro-Fighter,98.4 ft (30.0 m),lift,,,,Steel,2018-05-25,52.8,,3
Tiki-Waka (roller coaster),"1,850.4 ft (564.0 m)",34.2 mph (55.0 km/h),Operating,Gerstlauer,Bobsled Coaster,68.9 ft (21.0 m),lift,,,,Steel,2018-04-07,34.2,,0
Time Traveler (roller coaster),"3,020 ft (920 m)",50.3 mph (81.0 km/h),Operating,Mack Rides,Xtreme Spinning Coaster,100 ft (30 m),launch,,,Terrain[2],Steel,2018-03-14,50.3,,3
Twisted Timbers,"3,351 ft (1,021 m)",54 mph (87 km/h),Operating,Rocky Mountain Construction,I-Box,111 ft (34 m),lift,,Alan Schilke,Triple out and back,Steel,2018-03-24,54.0,,3
Wicker Man (roller coaster),"2,608.3 ft (795.0 m)",43.6 mph (70.2 km/h),Operating,Great Coasters International,,,lift,,Skyline Design LLC,,Wood,2018-03-20,43.6,,0
Wonder Woman Coaster,"1,019 ft (311 m)",38 mph (61 km/h),Operating,S&S – Sansei Technologies,4D Free Spin,110 ft (34 m),lift,,,,Steel,2018-06-01,38.0,,6
Wonder Woman Golden Lasso Coaster,"1,800 ft (550 m)",52 mph (84 km/h),Operating,Rocky Mountain Construction,Raptor – Prototype,113 ft (34 m),lift,,Alan Schilke,,Steel,2018-05-12,52.0,,3
Copperhead Strike,"3,255 ft (992 m)",50 mph (80 km/h),Operating,Mack Rides GmbH & Co KG,Launch Coaster,82 ft (25 m),launch,,,,Steel,2019-03-23,50.0,,5
Fury (roller coaster),"600 m (2,000 ft)",106.6 km/h (66.2 mph),Operating,Gerstlauer,Infinity Coaster,43 m (141 ft),launch,,,,Steel,2019-06-24,66.2,141.1,2
Hakugei (roller coaster),"1,530 m (5,020 ft)",107 km/h (66 mph),Operating,Rocky Mountain Construction,I-Box Track,55 m (180 ft),lift,4,,,Steel,2019-03-28,66.5,180.4,3
Kentucky Flyer,"1,288 ft (393 m)",35 mph (56 km/h),Operating,Gravitykraft Corporation,,47 ft (14 m),lift,,The Gravity Group,Out and back,Wood,2019-04-28,35.0,,0
Mystic (roller coaster),,52.8 mph (85.0 km/h),Operating,Gerstlauer,Infinity Coaster,101.7 ft (31.0 m),lift,,,,Steel,2019-05-30,52.8,,3
Panic Coaster – Back Daaan,767.7 ft (234.0 m),18.6 mph (29.9 km/h),Operating,Gerstlauer,Family Coaster,13.5 ft (4.1 m),launch,,,,Steel,2019-03-23,18.6,,0
Taiga (roller coaster),"3,622 ft (1,104 m)",65.9 mph (106.1 km/h),Operating,Intamin,Blitz Coaster,170.6 ft (52.0 m),launch,5,,,Steel,2019-06-18,65.9,,4
Tigris (roller coaster),863 ft (263 m),62 mph (100 km/h),Operating,Premier Rides,Sky Rocket II,150 ft (46 m),launch,,,,Steel,2019-04-19,62.0,,1
TMNT Shellraiser,"3,280.8 ft (1,000.0 m)",62.1 mph (99.9 km/h),Operating,Gerstlauer,1000,141 ft (43 m),launch,,,,Steel,2019-10-25,62.1,,7
Untamed (Walibi Holland),3559.7 ft,57.2 mph,Operating,Rocky Mountain Construction,IBox Track,119.8 ft,lift,,Alan Schilke,,Steel,2019-07-01,57.2,,5
Yukon Striker,"1,105 m (3,625 ft)",130 km/h (81 mph),Operating,Bolliger & Mabillard,Dive Coaster,68 m (223 ft),lift,,,,Steel,2019-05-03,80.8,223.1,4
Zadra (roller coaster),"1,316 m (4,318 ft)",121 km/h (75 mph),Operating,Rocky Mountain Construction,,62.8 m (206 ft),lift,4,,,Other,2019-08-22,75.2,206.0,3
Candymonium,"4,636 ft (1,413 m)",76 mph (122 km/h),Operating,Bolliger & Mabillard,,210 ft (64 m),lift,,,Out and Back,Steel,2020-07-03,76.0,,0
F.L.Y. (roller coaster),"4,055.1 ft (1,236.0 m)",48.5 mph (78.1 km/h),Operating,Vekoma,,,launch,,,,Steel,,48.5,,2
Objectif Mars,"1,640.4 ft (500.0 m)",34.2 mph (55.0 km/h),Operating,Intamin,,,launch,,,,Steel,2020-06-13,34.2,,0
Orion (roller coaster),"5,321 ft (1,622 m)",91 mph (146 km/h),Operating,Bolliger & Mabillard,Hyper Coaster,287 ft (87 m),lift,,,,Steel,2020-07-02,91.0,,0
Pitts Special (roller coaster),"693 m (2,274 ft)",100 km/h (62 mph),Operating,Gerstlauer,Infinity Coaster,43.5 m (143 ft),lift,4.5,,,Steel,2020-06-24,62.1,142.7,0
Sandy's Blasting Bronco,"1,607.6 ft (490.0 m)",47.8 mph (76.9 km/h),Operating,Intamin,,85.3 ft (26.0 m),launch,,,,Steel,2020-10-01,47.8,,4
Texas Stingray,"3,379 ft (1,030 m)",55 mph (89 km/h),Operating,Great Coasters International,,96 ft (29 m),lift,,"Dustin Sloane, Skyline Attractions",Twister,Wood,2020-02-22,55.0,,0
West Coast Racers,"4,000 ft (1,200 m)",55 mph (89 km/h),Operating,Premier Rides,Custom,67 ft (20 m),launch,,,,Steel,2020-01-09,55.0,,4
Abyssus,"4,317.6 ft (1,316.0 m)",62.1 mph (99.9 km/h),Operating,Vekoma,Shockwave 1320m+,126.3 ft (38.5 m),launch,4.5,Benjamin Bloemendaal,,Steel,2021-07-14,62.1,,4
Dragon Slayer (roller coaster),770 ft (230 m),34 mph (55 km/h),Operating,S&S - Sansei Technologies,4D Free Spin,112 ft (34 m),lift,,Alan Schilke,,Steel,2021-05-29,34.0,,0
Jersey Devil Coaster,"3,000 ft (910 m)",58 mph (93 km/h),Operating,Rocky Mountain Construction,Raptor - Custom,130 ft (40 m),lift,,Alan Schilke,,Steel,2021-06-13,58.0,,3
Kondaa,"3,937 ft (1,200 m)",70.2 mph (113.0 km/h),Operating,Intamin,Mega Coaster,164 ft (50 m),lift,,,,Steel,2021-05-08,70.2,,0
Krampus Expédition,"1,968.5 ft (600.0 m)",49 mph (79 km/h),Operating,Mack Rides,Water Coaster,91.9 ft (28.0 m),lift,3.5,,,Steel,2021-06-12,49.0,,0
Lil' Devil Coaster,262.5 ft (80.0 m),,Operating,Zamperla,Family Gravity Coaster 80STD,13 ft (4.0 m),lift,,,Single Helix (center),Steel,1999-01-01,,,0
Little Dipper (Conneaut Lake Park),,,Operating,Allan Herschell Company,Little Dipper,,lift,,,Oval,Steel,1950-01-01,,,0
Looping Star (Clacton Pier),"365 m (1,198 ft)",,Operating,Pinfari,ZL42,11 m (36 ft),lift,,,,Steel,2021-10-23,,36.1,1
Monster (Gröna Lund),"2,296.6 ft (700.0 m)",55.9 mph (90.0 km/h),Operating,Bolliger & Mabillard,Inverted Coaster,111.5 ft (34.0 m),lift,4.5,,,Steel,2021-06-02,55.9,,3
Storm Chaser (Paultons Park),,,Operating,Mack Rides,Spinning Coaster / Sierra Sidewinder,65.6 ft (20.0 m),lift,,,,Steel,2021-04-12,,,0
Stunt Pilot (roller coaster),"1,800 ft (550 m)",52 mph (84 km/h),Operating,Rocky Mountain Construction,Raptor – Custom,105 ft (32 m),lift,,Alan Schilke,,Steel,2021-05-29,52.0,,3
The Ride to Happiness,"3,018.4 ft (920.0 m)",55.9 mph (90.0 km/h),Operating,Mack Rides,Xtreme Spinning Coaster,108.3 ft (33.0 m),launch,,,,Steel,2021-07-01,55.9,,6
VelociCoaster,"4,700 ft (1,400 m)",70 mph (110 km/h),Operating,Intamin,Blitz Coaster,155 ft (47 m),launch,,Universal Creative,,Steel,2021-06-10,70.0,,4
