coaster_name,Length,Speed,Status,Manufacturer,Height,Lift/launch system,Designer,Type_Main,opening_date_clean,speed_mph,height_ft,Inversions_clean,Model
The Great Scenic Railway,"967 m (3,173 ft)",60 km/h (37 mph),Operating,LaMarcus Thompson,16 m (52 ft),lift,Unknown,Wood,1912-12-01,37.3,52.5,0,Unknown
Yankee Cannonball,"609.6 m (2,000 ft)",56.3 km/h (35.0 mph),Operating,Philadelphia Toboggan Coasters,19.8 m (65 ft),lift,Herbert Paul Schmeck,Wood,1930-01-01,35.0,65.0,0,Unknown
Vuoristorata,"960 m (3,150 ft)",60 km/h (37 mph),Operating,"Linnanmäki, led by Svend Jarlström",24 m (79 ft),lift,Valdemar Lebech[3],Wood,1951-07-13,37.3,78.7,0,Unknown
Dragon Fyre,"658.5 m (2,160 ft)",80 km/h (50 mph),Operating,Arrow Dynamics,23.8 m (78 ft),lift,HUSS Park Attractions,Steel,1981-01-01,49.7,78.1,4,Unknown
Ghoster Coaster (Canada's Wonderland),"413.3 m (1,356 ft)",56 km/h (35 mph),Operating,Taft Broadcasting,12.5 m (41 ft),lift,Curtis D. Summers,Wood,1981-05-23,34.8,41.0,0,Unknown
Mighty Canadian Minebuster,"1,166.8 m (3,828 ft)",89.9 km/h (55.9 mph),Operating,Canada's Wonderland,27.4 m (90 ft),lift,Curtis D. Summers,Wood,1981-01-01,55.9,89.9,0,Unknown
Python (Efteling),"750 m (2,460 ft)",75 km/h (47 mph),Operating,Vekoma,29 m (95 ft),lift,Vekoma,Steel,1981-04-12,46.6,95.1,4,Unknown
Wilde Beast,"960 m (3,150 ft)",90 km/h (56 mph),Operating,Taft Broadcasting Company,25 m (82 ft),lift,Curtis D. Summers,Wood,1981-01-01,55.9,82.0,0,Unknown
Lisebergbanan,"1,548 m (5,079 ft)",80 km/h (50 mph),Operating,Zierer,45 m (148 ft),lift,"Werner Stengel, Anton Schwarzkopf",Steel,1987-04-18,49.7,147.6,0,Unknown
Eurosat - CanCan Coaster,"900 m (3,000 ft)",60 km/h (37 mph),Operating,Mack Rides,25.5 m (84 ft),lift,Unknown,Steel,1989-01-01,37.3,83.7,0,Unknown
Goudurix,"950 m (3,120 ft)",90 km/h (56 mph),Operating,Vekoma,36 m (118 ft),lift,Vekoma,Steel,1989-01-01,55.9,118.1,7,Unknown
Vortex (Canada's Wonderland),"719.5 m (2,361 ft)",55 mph (89 km/h),Operating,Arrow Dynamics,27.8 m (91 ft),lift,Unknown,Steel,1991-05-12,55.0,91.2,0,Unknown
Condor (roller coaster),"662 m (2,172 ft)",80 km/h (50 mph),Operating,Vekoma,31 m (102 ft),lift,Unknown,Steel,1994-05-01,49.7,101.7,5,Unknown
Hakugei (roller coaster),"1,530 m (5,020 ft)",107 km/h (66 mph),Operating,Rocky Mountain Construction,55 m (180 ft),lift,Unknown,Steel,2019-03-28,66.5,180.4,3,Jet Star 3 / Jumbo Jet
Nemesis (roller coaster),"716 m (2,349 ft)",81 km/h (50 mph),Operating,Bolliger & Mabillard,13 m (42.7 ft),lift,Werner Stengel,Steel,1994-03-19,50.3,42.7,4,Unknown
Dragon Khan,"1,285 m (4,216 ft)",104.6 km/h (65.0 mph),Operating,Bolliger & Mabillard,45.1 m (148 ft),lift,John Wardley (layout) Ing.-Büro Stengel GmbH (mechanical role),Steel,1995-05-02,65.0,148.0,8,Wildcat - 54m
Flight Deck (Canada's Wonderland),"689.01 m (2,260.5 ft)",79.99 km/h (49.70 mph),Operating,Vekoma,33.31 m (109.3 ft),lift,Unknown,Steel,1995-01-01,49.7,109.3,5,Z64
The Barnstormer,207 m (679 ft),40.2 km/h (25.0 mph),Operating,Vekoma,9.1 m (30 ft),lift,Walt Disney Imagineering,Steel,1996-10-01,25.0,29.9,0,144a
The Barnstormer at Goofy's Wiseacre Farm,207 m (679 ft),40.2 km/h (25.0 mph),Operating,Vekoma,9.1 m (30 ft),lift,Walt Disney Imagineering,Steel,1996-10-01,25.0,29.9,0,Little Dipper
Oblivion (roller coaster),"373 m (1,224 ft)",110 km/h (68 mph),Operating,Bolliger & Mabillard,19.8 m (65 ft),lift,Werner Stengel,Steel,1998-03-14,68.4,65.0,0,Unknown
Roller Coaster (Dam Sen Park),"500 m (1,600 ft)",70 km/h (43 mph),Operating,Hebei Zhongye Metallurgical Equipment,24 m (79 ft),lift,Unknown,Steel,1998-01-01,43.5,78.7,3,Special Coaster Systems
Steel Dragon 2000,"2,479 m (8,133 ft)",152.9 km/h (95.0 mph),Operating,D. H. Morgan Manufacturing,97 m (318 ft),lift,Steve Okamoto,Steel,2000-08-01,95.0,318.2,0,Unknown
Colossos - Kampf der Giganten,"1,344 m (4,409 ft)",110 km/h (68 mph),Operating,Intamin,50.0 m (164.0 ft),lift,Werner Stengel,Wood,2001-04-13,68.4,164.0,0,Unknown
Escape from Madagascar,"342 m (1,122 ft)",41.8 km/h (26.0 mph),Operating,Vekoma,14.9 m (49 ft),lift,Unknown,Steel,2002-12-26,26.0,48.9,0,Suspended roller coaster
Galactica (roller coaster),"840 m (2,760 ft)",75 km/h (47 mph),Operating,Bolliger & Mabillard,20 m (66 ft),lift,John Wardley,Steel,2002-03-16,46.6,65.6,2,Unknown
Goliath (Walibi Holland),"1,214 m (3,983 ft)",106 km/h (66 mph),Operating,Intamin,47.17 m (154.8 ft),lift,Ing.-Büro Stengel GmbH,Steel,2002-03-29,65.9,154.8,0,Powered
Rugrats Runaway Reptar (Dreamworld),"342 m (1,122 ft)",41.8 km/h (26.0 mph),Operating,Vekoma,14.9 m (49 ft),lift,Unknown,Steel,2002-12-26,26.0,48.9,0,Jet Star
Scooby-Doo Spooky Coaster,"530 m (1,740 ft)",44.6 km/h (27.7 mph),Operating,Mack Rides,17 m (56 ft),lift,Warner Bros. Movie World,Steel,2002-06-17,27.7,55.8,0,Ultra Twister
Silver Star (roller coaster),"1,620 m (5,310 ft)",127 km/h (79 mph),Operating,Bolliger & Mabillard,73 m (240 ft),lift,Unknown,Steel,2002-03-23,78.9,239.5,0,Swiss Bob
Balder (roller coaster),"1,070 m (3,510 ft)",90 km/h (56 mph),Operating,Intamin,36 m (118 ft),lift,Ingenieurbüro Stengel GmbH,Wood,2003-04-12,55.9,118.1,0,Stand-up
Nemesis Inferno,"750 m (2,460 ft)",80 km/h (50 mph),Operating,Bolliger & Mabillard,29 m (95 ft),lift,John Wardley & Werner Stengel & Jordan Forster,Steel,2003-04-05,49.7,95.1,4,ZL42
Thunder Dolphin,"1,066 m (3,497 ft)",130 km/h (81 mph),Operating,Intamin,80 m (260 ft),lift,Werner Stengel,Steel,2003-05-01,80.8,262.5,0,Unknown
Dæmonen,"564 m (1,850 ft)",77 km/h (48 mph),Operating,Bolliger & Mabillard,28 m (92 ft),lift,Unknown,Steel,2004-04-16,47.8,91.9,3,Unknown
Spinball Whizzer,"470 m (1,540 ft)",60 km/h (37 mph),Operating,Maurer AG,17 m (56 ft),lift,Unknown,Steel,2004-03-27,37.3,55.8,0,Unknown
Time Warp (roller coaster),"390.99 m (1,282.8 ft)",41.4 km/h (25.7 mph),Operating,Zamperla,15.3 m (50 ft),lift,Ingenieur Büro Stengel GmbH,Steel,2004-05-02,25.7,50.2,2,Swiss Bob
Rita (roller coaster),"640 m (2,100 ft)",98.3 km/h (61.1 mph),Operating,Intamin,18.4 m (60 ft),launch,Werner Stengel,Steel,2005-04-01,61.1,60.4,0,Corkscrew
Superman Escape,"760 m (2,490 ft)",100 km/h (62 mph),Operating,Intamin,40 m (130 ft),launch,Werner Stengel,Steel,2005-12-26,62.1,131.2,0,Unknown
Stealth (roller coaster),"400.0 m (1,312.3 ft)",80 mph (129 km/h),Operating,Intamin,62.5 m (205 ft),launch,Werner Stengel,Steel,2006-03-15,80.0,205.1,0,Sitdown
De Vliegende Hollander,"420 m (1,380 ft)",69 km/h (43 mph),Operating,Kumbak,18 m (59 ft),lift,Karel Willemen,Steel,2007-04-01,42.9,59.1,0,Custom MK-900
Galaxy Orbiter,"455 m (1,493 ft)",40 km/h (25 mph),Operating,Gerstlauer,45 m (148 ft),lift,Ingenieurbüro Stengel GmbH,Steel,2007-07-17,24.9,147.6,0,Suspended Coaster
Hollywood Dream – The Ride,"1,200 m (3,900 ft)",90 km/h (56 mph),Operating,Bolliger & Mabillard,44 m (144 ft),lift,Universal Creative,Steel,2007-03-09,55.9,144.4,0,Megalooper
Mick Doohan's Motocoaster,"605 m (1,985 ft)",72 km/h (45 mph),Operating,Intamin,7 m (23 ft),launch,Unknown,Steel,2007-09-30,44.7,23.0,0,Sit Down
Surfrider,70 m (230 ft),,Operating,Intamin,30 m (98 ft),launch,Ing.-Büro Stengel GmbH,Steel,2007-09-01,,98.4,0,Unknown
Troy (roller coaster),"1,077.2 m (3,534 ft)",86.9 km/h (54.0 mph),Operating,Great Coasters International,31.9 m (105 ft),lift,Unknown,Wood,2007-06-29,54.0,104.7,0,Special Coaster Systems
Behemoth (roller coaster),"1,620.9 m (5,318 ft)",124 km/h (77 mph),Operating,Bolliger & Mabillard,70 m (230 ft),lift,Unknown,Steel,2008-05-04,77.1,229.7,0,Custom Looping Coaster
Jet Rescue,"560 m (1,840 ft)",70 km/h (43 mph),Operating,Intamin,6 m (20 ft),launch,Sea World,Steel,2008-12-26,43.5,19.7,0,Custom
Roller Coaster (Dai Nam Van Hien),"680 m (2,230 ft)",75 km/h (47 mph),Operating,Hebei Zhongye Metallurgical Equipment,33.6 m (110 ft),lift,Unknown,Steel,2008-09-11,46.6,110.2,4,Looping Star
T Express,"1,641 m (5,384 ft)",103.9 km/h (64.6 mph),Operating,Intamin,56.02 m (183.8 ft),lift,Werner Stengel,Wood,2008-03-14,64.6,183.8,0,Boomerang
Diving Coaster,"972 m (3,189 ft)",110 km/h (68 mph),Operating,Bolliger & Mabillard,65 m (213 ft),lift,Unknown,Steel,2009-08-16,68.4,213.3,1,Unknown
Formula Rossa,"2,000 m (6,562 ft)",240 km/h (149.1 mph),Operating,Intamin,52 m (170.6 ft),launch,Unknown,Steel,2010-11-04,149.1,170.6,0,Unknown
Space Fantasy – The Ride,"585 m (1,919 ft)",,Operating,Mack Rides,7 m (23 ft),lift,Universal Creative,Steel,2010-03-18,,23.0,0,Custom Jet Star 2
Accelerator (roller coaster),180 m (590 ft),60 km/h (37 mph),Operating,Vekoma,20 m (66 ft),lift,Meticulous ltd,Steel,2011-04-21,37.3,65.6,0,Wooden roller coaster
Green Lantern Coaster,"488 m (1,601 ft)",66 km/h (41 mph),Operating,S&S – Sansei Technologies,33 m (108 ft),lift,Unknown,Steel,2011-12-23,41.0,108.3,2,MK-1200 (Custom)
Krake,"476 m (1,562 ft)",103 km/h (64 mph),Operating,Bolliger & Mabillard,41 m (135 ft),lift,Unknown,Steel,2011-04-16,64.0,134.5,1,Unknown
Takabisha,"1,000 m (3,300 ft)",100 km/h (62 mph),Operating,Gerstlauer,43 m (141 ft),launch,Unknown,Steel,2011-07-16,62.1,141.1,7,Space Diver
Van Helsing's Factory,"400 m (1,300 ft)",36 km/h (22 mph),Operating,Gerstlauer,8 m (26 ft),lift,Unknown,Steel,2011-06-18,22.4,26.2,0,Unknown
The Barnstormer,207 m (679 ft),40.2 km/h (25.0 mph),Operating,Vekoma,9.1 m (30 ft),lift,Walt Disney Imagineering,Steel,1996-10-01,25.0,29.9,0,Unknown
Leviathan (Canada's Wonderland),"1,672 m (5,486 ft)",148 km/h (92 mph),Operating,Bolliger & Mabillard,93.3 m (306 ft),lift,Werner Stengel[3],Steel,2012-05-06,92.0,306.1,0,Powered Coaster
Polar X-plorer,,65 km/h (40 mph),Operating,Zierer,20 m (66 ft),lift,Unknown,Steel,2012-04-29,40.4,65.6,0,Stand-Up
Shambhala (roller coaster),"1,564 m (5,131 ft)",134 km/h (83 mph),Operating,Bolliger & Mabillard,76 m (249 ft),lift,Unknown,Other,2012-05-12,83.3,249.3,0,Unknown
The Swarm (roller coaster),"775 m (2,543 ft)",59 mph (95 km/h),Operating,Bolliger & Mabillard,38.6 m (127 ft),lift,Unknown,Steel,2012-03-15,59.0,126.6,5,Whirlwind
Abyss (roller coaster),"630 m (2,070 ft)",85 km/h (53 mph),Operating,Gerstlauer,30 m (98 ft),lift,Unknown,Steel,2013-11-01,52.8,98.4,3,Looping Coaster
Karacho,"700 m (2,300 ft)",90 km/h (56 mph),Operating,Gerstlauer,30 m (98 ft),launch,Imaginvest,Steel,2013-07-10,55.9,98.4,4,Mine train
Storm Coaster,"470 m (1,540 ft)",70 km/h (43 mph),Operating,Mack Rides,28 m (92 ft),lift,Unknown,Steel,2013-12-06,43.5,91.9,0,Suspended Looping Coaster
Alpina Blitz,"719 m (2,359 ft)",83 km/h (52 mph),Operating,Mack Rides,33 m (108 ft),lift,Unknown,Steel,2014-04-12,51.6,108.3,0,Hypercoaster
Flug der Dämonen,"772 m (2,533 ft)",100 km/h (62 mph),Operating,Bolliger & Mabillard,40 m (130 ft),lift,Unknown,Steel,2014-03-29,62.1,131.2,5,Inverted Coaster – Custom
Wonder Mountain's Guardian,"304.8 m (1,000 ft)",,Operating,Art Engineering,18.3 m (60 ft),lift,Triotech,Steel,2014-05-24,,60.0,0,Suspended Looping Coaster (765m Extended w/ Helix)
Baron 1898,"501 m (1,644 ft)",90 km/h (56 mph),Operating,Bolliger & Mabillard,30 m (98 ft),lift,Unknown,Steel,2015-07-01,55.9,98.4,2,Inverted Coaster – Batman
Puss in Boots' Giant Journey,"426 m (1,398 ft)",,Operating,Zamperla,17 m (56 ft),lift,Unknown,Steel,2015-04-08,,55.8,0,Unknown
The Cú Chulainn Coaster,"1,092 m (3,583 ft)",90 km/h (56 mph),Operating,The Gravity Group,32 m (105 ft),lift,Unknown,Wood,2015-06-06,55.9,105.0,0,Suspended Looping Coaster-Custom
The Oath of Kärnan,"1,235 m (4,052 ft)",127 km/h (79 mph),Operating,Gerstlauer,73 m (240 ft),lift,Werner Stengel,Steel,2015-07-01,78.9,239.5,1,Tivoli
Flying Aces (roller coaster),"1,500 m (4,921 ft)",120 km/h (75 mph),Operating,Intamin,63 m (207 ft),lift,Unknown,Steel,2016-02-24,74.6,206.7,1,custom
Formuła (Energylandia),"560 m (1,840 ft)",79.2 km/h (49.2 mph),Operating,Vekoma,24.7 m (81 ft),launch,Unknown,Steel,2016-06-25,49.2,81.0,3,Unknown
Lost Gravity (roller coaster),"680 m (2,230 ft)",87 km/h (54 mph),Operating,Mack Rides,32 m (105 ft),lift,Unknown,Steel,2016-03-24,54.1,105.0,2,Junior Coaster (207m)
The Monster (Adventureland),"762 m (2,500 ft)",105 km/h (65 mph),Operating,Gerstlauer,40.6 m (133 ft),lift,Unknown,Steel,2016-06-04,65.2,133.2,5,Junior Coaster (Custom)
Pulsar (roller coaster),217 m (712 ft),101 km/h (63 mph),Operating,Mack Rides,45 m (148 ft),launch,Unknown,Steel,2016-06-04,62.8,147.6,0,Custom MK-900 M
Taron (roller coaster),"1,320 m (4,330 ft)",117 km/h (73 mph),Operating,Intamin,30.0 m (98.4 ft),launch,Unknown,Steel,2016-06-30,72.7,98.4,0,Junior Coaster (207m)
Wildfire (Kolmården Wildlife Park),"1,265 m (4,150 ft)",115 km/h (71 mph),Operating,Rocky Mountain Construction,56 m (184 ft),lift,Alan Schilke,Wood,2016-06-28,71.5,183.7,3,Family Coaster
Lech Coaster,"908 m (2,979 ft)",95 km/h (59 mph),Operating,Vekoma,40 m (131 ft),lift,Unknown,Steel,2017-07-01,59.0,131.2,3,Unknown
Red Force (roller coaster),"880 m (2,890 ft)",180 km/h (112 mph),Operating,Intamin,112 m (367 ft),launch,Unknown,Steel,2017-04-07,111.8,367.5,0,Hurricane
Star Trek: Operation Enterprise,"720 m (2,360 ft)",90 km/h (56 mph),Operating,Mack Rides,40 m (130 ft),launch,Unknown,Steel,2017-06-14,55.9,131.2,3,Boomerang
Hyperion (roller coaster),"1,450 m (4,760 ft)",142 km/h (88 mph),Operating,Intamin,77 m (253 ft),lift,Unknown,Steel,2018-07-14,88.2,252.6,1,Unknown
Fury (roller coaster),"600 m (2,000 ft)",106.6 km/h (66.2 mph),Operating,Gerstlauer,43 m (141 ft),launch,Unknown,Steel,2019-06-24,66.2,141.1,2,Mine Train
Hakugei (roller coaster),"1,530 m (5,020 ft)",107 km/h (66 mph),Operating,Rocky Mountain Construction,55 m (180 ft),lift,Unknown,Steel,2019-03-28,66.5,180.4,3,Sitdown Looping
Yukon Striker,"1,105 m (3,625 ft)",130 km/h (81 mph),Operating,Bolliger & Mabillard,68 m (223 ft),lift,Unknown,Steel,2019-05-03,80.8,223.1,4,Unknown
Zadra (roller coaster),"1,316 m (4,318 ft)",121 km/h (75 mph),Operating,Rocky Mountain Construction,62.8 m (206 ft),lift,Unknown,Other,2019-08-22,75.2,206.0,3,Boomerang
Pitts Special (roller coaster),"693 m (2,274 ft)",100 km/h (62 mph),Operating,Gerstlauer,43.5 m (143 ft),lift,Unknown,Steel,2020-06-24,62.1,142.7,0,Unknown
Looping Star (Clacton Pier),"365 m (1,198 ft)",,Operating,Pinfari,11 m (36 ft),lift,Unknown,Steel,2021-10-23,,36.1,1,LIM Shuttle Loop Coaster
